"filename", "language", "Vue", "JSON", "JavaScript", "Markdown", "SCSS", "HTML", "JSON with Comments", "CSS", "XML", "TypeScript", "comment", "blank", "total"
"d:\CodeArea\Other\NewsApp\news\.hbuilderx\launch.json", "JSON with Comments", 0, 0, 0, 0, 0, 0, 19, 0, 0, 0, 1, 1, 21
"d:\CodeArea\Other\NewsApp\news\App.vue", "Vue", 23, 0, 0, 0, 0, 0, 0, 0, 0, 0, 3, 3, 29
"d:\CodeArea\Other\NewsApp\news\README.md", "Markdown", 0, 0, 0, 6, 0, 0, 0, 0, 0, 0, 0, 1, 7
"d:\CodeArea\Other\NewsApp\news\app.js", "JavaScript", 0, 0, 5, 0, 0, 0, 0, 0, 0, 0, 0, 2, 7
"d:\CodeArea\Other\NewsApp\news\app.json", "JSON", 0, 13, 0, 0, 0, 0, 0, 0, 0, 0, 0, 1, 14
"d:\CodeArea\Other\NewsApp\news\common\uni-ui.scss", "SCSS", 0, 0, 0, 0, 95, 0, 0, 0, 0, 0, 10, 16, 121
"d:\CodeArea\Other\NewsApp\news\components\custom-back-to-top\custom-back-to-top.vue", "Vue", 95, 0, 0, 0, 0, 0, 0, 0, 0, 0, 10, 9, 114
"d:\CodeArea\Other\NewsApp\news\components\custom-nomore\custom-nomore.vue", "Vue", 33, 0, 0, 0, 0, 0, 0, 0, 0, 0, 2, 5, 40
"d:\CodeArea\Other\NewsApp\news\components\custom-refresher\custom-refresher.vue", "Vue", 49, 0, 0, 0, 0, 0, 0, 0, 0, 0, 4, 6, 59
"d:\CodeArea\Other\NewsApp\news\components\iconfont\iconfont.vue", "Vue", 11, 0, 0, 0, 0, 0, 0, 0, 0, 0, 0, 1, 12
"d:\CodeArea\Other\NewsApp\news\components\iconfont\iconfontJs.js", "JavaScript", 0, 0, 11, 0, 0, 0, 0, 0, 0, 0, 0, 0, 11
"d:\CodeArea\Other\NewsApp\news\components\loading\loading.vue", "Vue", 66, 0, 0, 0, 0, 0, 0, 0, 0, 0, 0, 7, 73
"d:\CodeArea\Other\NewsApp\news\components\loading\pageLoading.vue", "Vue", 74, 0, 0, 0, 0, 0, 0, 0, 0, 0, 0, 14, 88
"d:\CodeArea\Other\NewsApp\news\components\my-paging\my-paging.vue", "Vue", 65, 0, 0, 0, 0, 0, 0, 0, 0, 0, 18, 7, 90
"d:\CodeArea\Other\NewsApp\news\components\sticky-swiper-item\sticky-swiper-item.vue", "Vue", 130, 0, 0, 0, 0, 0, 0, 0, 0, 0, 21, 6, 157
"d:\CodeArea\Other\NewsApp\news\components\sticky-swiper-next-item\sticky-swiper-next-item.vue", "Vue", 117, 0, 0, 0, 0, 0, 0, 0, 0, 0, 20, 6, 143
"d:\CodeArea\Other\NewsApp\news\components\swiper-list-item\swiper-list-item.vue", "Vue", 99, 0, 0, 0, 0, 0, 0, 0, 0, 0, 12, 6, 117
"d:\CodeArea\Other\NewsApp\news\components\tabs-view\tabs-view.vue", "Vue", 92, 0, 0, 0, 0, 0, 0, 0, 0, 0, 10, 8, 110
"d:\CodeArea\Other\NewsApp\news\components\u-tabs-swiper\u-tabs-swiper.vue", "Vue", 382, 0, 0, 0, 0, 0, 0, 0, 0, 0, 87, 20, 489
"d:\CodeArea\Other\NewsApp\news\components\uni-section\config.json", "JSON", 0, 12, 0, 0, 0, 0, 0, 0, 0, 0, 0, 1, 13
"d:\CodeArea\Other\NewsApp\news\components\uni-section\readme.md", "Markdown", 0, 0, 0, 22, 0, 0, 0, 0, 0, 0, 0, 9, 31
"d:\CodeArea\Other\NewsApp\news\components\uni-section\uni-section.vue", "Vue", 97, 0, 0, 0, 0, 0, 0, 0, 0, 0, 29, 11, 137
"d:\CodeArea\Other\NewsApp\news\config\api.js", "JavaScript", 0, 0, 12, 0, 0, 0, 0, 0, 0, 0, 11, 16, 39
"d:\CodeArea\Other\NewsApp\news\config\request.js", "JavaScript", 0, 0, 43, 0, 0, 0, 0, 0, 0, 0, 37, 2, 82
"d:\CodeArea\Other\NewsApp\news\config\utils.js", "JavaScript", 0, 0, 40, 0, 0, 0, 0, 0, 0, 0, 10, 4, 54
"d:\CodeArea\Other\NewsApp\news\http\consistency-request.js", "JavaScript", 0, 0, 21, 0, 0, 0, 0, 0, 0, 0, 6, 3, 30
"d:\CodeArea\Other\NewsApp\news\http\request.js", "JavaScript", 0, 0, 67, 0, 0, 0, 0, 0, 0, 0, 5, 6, 78
"d:\CodeArea\Other\NewsApp\news\main.js", "JavaScript", 0, 0, 19, 0, 0, 0, 0, 0, 0, 0, 5, 9, 33
"d:\CodeArea\Other\NewsApp\news\manifest.json", "JSON", 0, 78, 0, 0, 0, 0, 0, 0, 0, 0, 8, 1, 87
"d:\CodeArea\Other\NewsApp\news\package.json", "JSON", 0, 12, 0, 0, 0, 0, 0, 0, 0, 0, 0, 0, 12
"d:\CodeArea\Other\NewsApp\news\pages.json", "JSON", 0, 199, 0, 0, 0, 0, 0, 0, 0, 0, 25, 15, 239
"d:\CodeArea\Other\NewsApp\news\pages\anti-epidemic\anti-epidemic.vue", "Vue", 256, 0, 0, 0, 0, 0, 0, 0, 0, 0, 24, 14, 294
"d:\CodeArea\Other\NewsApp\news\pages\anti-epidemic\tableData.js", "JavaScript", 0, 0, 14, 0, 0, 0, 0, 0, 0, 0, 2, 3, 19
"d:\CodeArea\Other\NewsApp\news\pages\center\areas.json", "JSON", 0, 1, 0, 0, 0, 0, 0, 0, 0, 0, 0, 0, 1
"d:\CodeArea\Other\NewsApp\news\pages\center\author.vue", "Vue", 55, 0, 0, 0, 0, 0, 0, 0, 0, 0, 1, 6, 62
"d:\CodeArea\Other\NewsApp\news\pages\center\center.vue", "Vue", 178, 0, 0, 0, 0, 0, 0, 0, 0, 0, 21, 7, 206
"d:\CodeArea\Other\NewsApp\news\pages\center\history.vue", "Vue", 166, 0, 0, 0, 0, 0, 0, 0, 0, 0, 16, 10, 192
"d:\CodeArea\Other\NewsApp\news\pages\center\like.vue", "Vue", 166, 0, 0, 0, 0, 0, 0, 0, 0, 0, 16, 10, 192
"d:\CodeArea\Other\NewsApp\news\pages\center\message.vue", "Vue", 261, 0, 0, 0, 0, 0, 0, 0, 0, 0, 12, 9, 282
"d:\CodeArea\Other\NewsApp\news\pages\center\updateInfo.vue", "Vue", 231, 0, 0, 0, 0, 0, 0, 0, 0, 0, 72, 10, 313
"d:\CodeArea\Other\NewsApp\news\pages\common\login\login.vue", "Vue", 168, 0, 0, 0, 0, 0, 0, 0, 0, 0, 11, 11, 190
"d:\CodeArea\Other\NewsApp\news\pages\common\login\register.vue", "Vue", 126, 0, 0, 0, 0, 0, 0, 0, 0, 0, 4, 10, 140
"d:\CodeArea\Other\NewsApp\news\pages\index\index.vue", "Vue", 216, 0, 0, 0, 0, 0, 0, 0, 0, 0, 4, 12, 232
"d:\CodeArea\Other\NewsApp\news\pages\news-detail\author.vue", "Vue", 293, 0, 0, 0, 0, 0, 0, 0, 0, 0, 29, 13, 335
"d:\CodeArea\Other\NewsApp\news\pages\news-detail\news-detail.vue", "Vue", 692, 0, 0, 0, 0, 0, 0, 0, 0, 0, 67, 30, 789
"d:\CodeArea\Other\NewsApp\news\pages\news-detail\reply.vue", "Vue", 428, 0, 0, 0, 0, 0, 0, 0, 0, 0, 42, 7, 477
"d:\CodeArea\Other\NewsApp\news\pages\news-titles\searchContent.vue", "Vue", 149, 0, 0, 0, 0, 0, 0, 0, 0, 0, 13, 8, 170
"d:\CodeArea\Other\NewsApp\news\project.config.json", "JSON", 0, 79, 0, 0, 0, 0, 0, 0, 0, 0, 0, 0, 79
"d:\CodeArea\Other\NewsApp\news\sitemap.json", "JSON", 0, 7, 0, 0, 0, 0, 0, 0, 0, 0, 0, 0, 7
"d:\CodeArea\Other\NewsApp\news\store\$u.mixin.js", "JavaScript", 0, 0, 19, 0, 0, 0, 0, 0, 0, 0, 5, 3, 27
"d:\CodeArea\Other\NewsApp\news\store\index.js", "JavaScript", 0, 0, 44, 0, 0, 0, 0, 0, 0, 0, 16, 6, 66
"d:\CodeArea\Other\NewsApp\news\template.h5.html", "HTML", 0, 0, 0, 0, 0, 24, 0, 0, 0, 0, 0, 1, 25
"d:\CodeArea\Other\NewsApp\news\uni.scss", "SCSS", 0, 0, 0, 0, 1, 0, 0, 0, 0, 0, 5, 1, 7
"d:\CodeArea\Other\NewsApp\news\uniCloud-aliyun\database\db_init.json", "JSON", 0, 425, 0, 0, 0, 0, 0, 0, 0, 0, 2, 1, 428
"d:\CodeArea\Other\NewsApp\news\uniCloud-aliyun\database\opendb-news-articles.schema.json", "JSON", 0, 122, 0, 0, 0, 0, 0, 0, 0, 0, 0, 1, 123
"d:\CodeArea\Other\NewsApp\news\uni_modules\n-table\changelog.md", "Markdown", 0, 0, 0, 38, 0, 0, 0, 0, 0, 0, 0, 6, 44
"d:\CodeArea\Other\NewsApp\news\uni_modules\n-table\components\n-table\config.js", "JavaScript", 0, 0, 38, 0, 0, 0, 0, 0, 0, 0, 35, 5, 78
"d:\CodeArea\Other\NewsApp\news\uni_modules\n-table\components\n-table\iconfont.scss", "SCSS", 0, 0, 0, 0, 31, 0, 0, 0, 0, 0, 0, 8, 39
"d:\CodeArea\Other\NewsApp\news\uni_modules\n-table\components\n-table\n-table.vue", "Vue", 485, 0, 0, 0, 0, 0, 0, 0, 0, 0, 40, 56, 581
"d:\CodeArea\Other\NewsApp\news\uni_modules\n-table\components\n-table\pager.vue", "Vue", 148, 0, 0, 0, 0, 0, 0, 0, 0, 0, 2, 10, 160
"d:\CodeArea\Other\NewsApp\news\uni_modules\n-table\components\n-table\readme.md", "Markdown", 0, 0, 0, 220, 0, 0, 0, 0, 0, 0, 0, 33, 253
"d:\CodeArea\Other\NewsApp\news\uni_modules\n-table\components\n-table\table-body.vue", "Vue", 314, 0, 0, 0, 0, 0, 0, 0, 0, 0, 33, 37, 384
"d:\CodeArea\Other\NewsApp\news\uni_modules\n-table\components\n-table\table-header.vue", "Vue", 89, 0, 0, 0, 0, 0, 0, 0, 0, 0, 1, 7, 97
"d:\CodeArea\Other\NewsApp\news\uni_modules\n-table\components\n-table\table-name.vue", "Vue", 60, 0, 0, 0, 0, 0, 0, 0, 0, 0, 1, 10, 71
"d:\CodeArea\Other\NewsApp\news\uni_modules\n-table\components\n-table\title-column.vue", "Vue", 215, 0, 0, 0, 0, 0, 0, 0, 0, 0, 8, 31, 254
"d:\CodeArea\Other\NewsApp\news\uni_modules\n-table\components\n-table\utils.js", "JavaScript", 0, 0, 45, 0, 0, 0, 0, 0, 0, 0, 2, 4, 51
"d:\CodeArea\Other\NewsApp\news\uni_modules\n-table\package.json", "JSON", 0, 80, 0, 0, 0, 0, 0, 0, 0, 0, 0, 0, 80
"d:\CodeArea\Other\NewsApp\news\uni_modules\n-table\readme.md", "Markdown", 0, 0, 0, 220, 0, 0, 0, 0, 0, 0, 0, 33, 253
"d:\CodeArea\Other\NewsApp\news\uni_modules\uni-badge\changelog.md", "Markdown", 0, 0, 0, 29, 0, 0, 0, 0, 0, 0, 0, 1, 30
"d:\CodeArea\Other\NewsApp\news\uni_modules\uni-badge\components\uni-badge\uni-badge.vue", "Vue", 213, 0, 0, 0, 0, 0, 0, 0, 0, 0, 33, 23, 269
"d:\CodeArea\Other\NewsApp\news\uni_modules\uni-badge\package.json", "JSON", 0, 88, 0, 0, 0, 0, 0, 0, 0, 0, 0, 0, 88
"d:\CodeArea\Other\NewsApp\news\uni_modules\uni-badge\readme.md", "Markdown", 0, 0, 0, 6, 0, 0, 0, 0, 0, 0, 0, 5, 11
"d:\CodeArea\Other\NewsApp\news\uni_modules\uni-card\changelog.md", "Markdown", 0, 0, 0, 26, 0, 0, 0, 0, 0, 0, 0, 1, 27
"d:\CodeArea\Other\NewsApp\news\uni_modules\uni-card\components\uni-card\uni-card.vue", "Vue", 214, 0, 0, 0, 0, 0, 0, 0, 0, 0, 37, 20, 271
"d:\CodeArea\Other\NewsApp\news\uni_modules\uni-card\package.json", "JSON", 0, 90, 0, 0, 0, 0, 0, 0, 0, 0, 0, 1, 91
"d:\CodeArea\Other\NewsApp\news\uni_modules\uni-card\readme.md", "Markdown", 0, 0, 0, 6, 0, 0, 0, 0, 0, 0, 0, 7, 13
"d:\CodeArea\Other\NewsApp\news\uni_modules\uni-config-center\changelog.md", "Markdown", 0, 0, 0, 4, 0, 0, 0, 0, 0, 0, 0, 1, 5
"d:\CodeArea\Other\NewsApp\news\uni_modules\uni-config-center\package.json", "JSON", 0, 80, 0, 0, 0, 0, 0, 0, 0, 0, 0, 1, 81
"d:\CodeArea\Other\NewsApp\news\uni_modules\uni-config-center\readme.md", "Markdown", 0, 0, 0, 76, 0, 0, 0, 0, 0, 0, 0, 17, 93
"d:\CodeArea\Other\NewsApp\news\uni_modules\uni-config-center\uniCloud\cloudfunctions\common\uni-config-center\index.js", "JavaScript", 0, 0, 1, 0, 0, 0, 0, 0, 0, 0, 0, 1, 2
"d:\CodeArea\Other\NewsApp\news\uni_modules\uni-config-center\uniCloud\cloudfunctions\common\uni-config-center\package.json", "JSON", 0, 9, 0, 0, 0, 0, 0, 0, 0, 0, 0, 0, 9
"d:\CodeArea\Other\NewsApp\news\uni_modules\uni-icons\changelog.md", "Markdown", 0, 0, 0, 22, 0, 0, 0, 0, 0, 0, 0, 1, 23
"d:\CodeArea\Other\NewsApp\news\uni_modules\uni-icons\components\uni-icons\icons.js", "JavaScript", 0, 0, 1169, 0, 0, 0, 0, 0, 0, 0, 0, 1, 1170
"d:\CodeArea\Other\NewsApp\news\uni_modules\uni-icons\components\uni-icons\uni-icons.vue", "Vue", 77, 0, 0, 0, 0, 0, 0, 0, 0, 0, 14, 6, 97
"d:\CodeArea\Other\NewsApp\news\uni_modules\uni-icons\components\uni-icons\uniicons.css", "CSS", 0, 0, 0, 0, 0, 0, 0, 498, 0, 0, 0, 166, 664
"d:\CodeArea\Other\NewsApp\news\uni_modules\uni-icons\package.json", "JSON", 0, 86, 0, 0, 0, 0, 0, 0, 0, 0, 0, 0, 86
"d:\CodeArea\Other\NewsApp\news\uni_modules\uni-icons\readme.md", "Markdown", 0, 0, 0, 6, 0, 0, 0, 0, 0, 0, 0, 3, 9
"d:\CodeArea\Other\NewsApp\news\uni_modules\uni-id\changelog.md", "Markdown", 0, 0, 0, 24, 0, 0, 0, 0, 0, 0, 0, 1, 25
"d:\CodeArea\Other\NewsApp\news\uni_modules\uni-id\package.json", "JSON", 0, 80, 0, 0, 0, 0, 0, 0, 0, 0, 0, 0, 80
"d:\CodeArea\Other\NewsApp\news\uni_modules\uni-id\readme.md", "Markdown", 0, 0, 0, 22, 0, 0, 0, 0, 0, 0, 0, 11, 33
"d:\CodeArea\Other\NewsApp\news\uni_modules\uni-id\uniCloud\cloudfunctions\common\uni-id\LICENSE.md", "Markdown", 0, 0, 0, 169, 0, 0, 0, 0, 0, 0, 0, 33, 202
"d:\CodeArea\Other\NewsApp\news\uni_modules\uni-id\uniCloud\cloudfunctions\common\uni-id\index.js", "JavaScript", 0, 0, 1, 0, 0, 0, 0, 0, 0, 0, 0, 1, 2
"d:\CodeArea\Other\NewsApp\news\uni_modules\uni-id\uniCloud\cloudfunctions\common\uni-id\package-lock.json", "JSON", 0, 11, 0, 0, 0, 0, 0, 0, 0, 0, 0, 1, 12
"d:\CodeArea\Other\NewsApp\news\uni_modules\uni-id\uniCloud\cloudfunctions\common\uni-id\package.json", "JSON", 0, 16, 0, 0, 0, 0, 0, 0, 0, 0, 0, 1, 17
"d:\CodeArea\Other\NewsApp\news\uni_modules\uni-list\changelog.md", "Markdown", 0, 0, 0, 18, 0, 0, 0, 0, 0, 0, 0, 1, 19
"d:\CodeArea\Other\NewsApp\news\uni_modules\uni-list\components\uni-list-ad\uni-list-ad.vue", "Vue", 88, 0, 0, 0, 0, 0, 0, 0, 0, 0, 10, 10, 108
"d:\CodeArea\Other\NewsApp\news\uni_modules\uni-list\components\uni-list-chat\uni-list-chat.scss", "SCSS", 0, 0, 0, 0, 25, 0, 0, 0, 0, 0, 23, 11, 59
"d:\CodeArea\Other\NewsApp\news\uni_modules\uni-list\components\uni-list-chat\uni-list-chat.vue", "Vue", 413, 0, 0, 0, 0, 0, 0, 0, 0, 0, 86, 40, 539
"d:\CodeArea\Other\NewsApp\news\uni_modules\uni-list\components\uni-list-item\uni-list-item.vue", "Vue", 368, 0, 0, 0, 0, 0, 0, 0, 0, 0, 76, 31, 475
"d:\CodeArea\Other\NewsApp\news\uni_modules\uni-list\components\uni-list\uni-list - 副本.vue", "Vue", 83, 0, 0, 0, 0, 0, 0, 0, 0, 0, 17, 7, 107
"d:\CodeArea\Other\NewsApp\news\uni_modules\uni-list\components\uni-list\uni-list.vue", "Vue", 85, 0, 0, 0, 0, 0, 0, 0, 0, 0, 17, 7, 109
"d:\CodeArea\Other\NewsApp\news\uni_modules\uni-list\components\uni-list\uni-refresh.vue", "Vue", 59, 0, 0, 0, 0, 0, 0, 0, 0, 0, 4, 3, 66
"d:\CodeArea\Other\NewsApp\news\uni_modules\uni-list\components\uni-list\uni-refresh.wxs", "XML", 0, 0, 0, 0, 0, 0, 0, 0, 73, 0, 0, 15, 88
"d:\CodeArea\Other\NewsApp\news\uni_modules\uni-list\package.json", "JSON", 0, 91, 0, 0, 0, 0, 0, 0, 0, 0, 0, 0, 91
"d:\CodeArea\Other\NewsApp\news\uni_modules\uni-list\readme.md", "Markdown", 0, 0, 0, 244, 0, 0, 0, 0, 0, 0, 10, 93, 347
"d:\CodeArea\Other\NewsApp\news\uni_modules\uni-load-more\changelog.md", "Markdown", 0, 0, 0, 6, 0, 0, 0, 0, 0, 0, 0, 1, 7
"d:\CodeArea\Other\NewsApp\news\uni_modules\uni-load-more\components\uni-load-more\uni-load-more.vue", "Vue", 288, 0, 0, 0, 0, 0, 0, 0, 0, 0, 31, 44, 363
"d:\CodeArea\Other\NewsApp\news\uni_modules\uni-load-more\package.json", "JSON", 0, 82, 0, 0, 0, 0, 0, 0, 0, 0, 0, 0, 82
"d:\CodeArea\Other\NewsApp\news\uni_modules\uni-load-more\readme.md", "Markdown", 0, 0, 0, 42, 0, 0, 0, 0, 0, 0, 0, 28, 70
"d:\CodeArea\Other\NewsApp\news\uni_modules\uni-nav-bar\changelog.md", "Markdown", 0, 0, 0, 34, 0, 0, 0, 0, 0, 0, 0, 4, 38
"d:\CodeArea\Other\NewsApp\news\uni_modules\uni-nav-bar\components\uni-nav-bar\uni-nav-bar.vue", "Vue", 262, 0, 0, 0, 0, 0, 0, 0, 0, 0, 58, 24, 344
"d:\CodeArea\Other\NewsApp\news\uni_modules\uni-nav-bar\components\uni-nav-bar\uni-status-bar.vue", "Vue", 23, 0, 0, 0, 0, 0, 0, 0, 0, 0, 2, 3, 28
"d:\CodeArea\Other\NewsApp\news\uni_modules\uni-nav-bar\package.json", "JSON", 0, 89, 0, 0, 0, 0, 0, 0, 0, 0, 0, 0, 89
"d:\CodeArea\Other\NewsApp\news\uni_modules\uni-nav-bar\readme.md", "Markdown", 0, 0, 0, 6, 0, 0, 0, 0, 0, 0, 0, 10, 16
"d:\CodeArea\Other\NewsApp\news\uni_modules\uni-popup\changelog.md", "Markdown", 0, 0, 0, 58, 0, 0, 0, 0, 0, 0, 0, 1, 59
"d:\CodeArea\Other\NewsApp\news\uni_modules\uni-popup\components\uni-popup-dialog\keypress.js", "JavaScript", 0, 0, 42, 0, 0, 0, 0, 0, 0, 0, 3, 1, 46
"d:\CodeArea\Other\NewsApp\news\uni_modules\uni-popup\components\uni-popup-dialog\uni-popup-dialog.vue", "Vue", 217, 0, 0, 0, 0, 0, 0, 0, 0, 0, 35, 20, 272
"d:\CodeArea\Other\NewsApp\news\uni_modules\uni-popup\components\uni-popup-message\uni-popup-message.vue", "Vue", 103, 0, 0, 0, 0, 0, 0, 0, 0, 0, 27, 14, 144
"d:\CodeArea\Other\NewsApp\news\uni_modules\uni-popup\components\uni-popup-share\uni-popup-share.vue", "Vue", 150, 0, 0, 0, 0, 0, 0, 0, 0, 0, 26, 12, 188
"d:\CodeArea\Other\NewsApp\news\uni_modules\uni-popup\components\uni-popup\i18n\en.json", "JSON", 0, 7, 0, 0, 0, 0, 0, 0, 0, 0, 0, 1, 8
"d:\CodeArea\Other\NewsApp\news\uni_modules\uni-popup\components\uni-popup\i18n\index.js", "JavaScript", 0, 0, 8, 0, 0, 0, 0, 0, 0, 0, 0, 1, 9
"d:\CodeArea\Other\NewsApp\news\uni_modules\uni-popup\components\uni-popup\i18n\zh-Hans.json", "JSON", 0, 7, 0, 0, 0, 0, 0, 0, 0, 0, 0, 1, 8
"d:\CodeArea\Other\NewsApp\news\uni_modules\uni-popup\components\uni-popup\i18n\zh-Hant.json", "JSON", 0, 7, 0, 0, 0, 0, 0, 0, 0, 0, 0, 1, 8
"d:\CodeArea\Other\NewsApp\news\uni_modules\uni-popup\components\uni-popup\keypress.js", "JavaScript", 0, 0, 39, 0, 0, 0, 0, 0, 0, 0, 6, 1, 46
"d:\CodeArea\Other\NewsApp\news\uni_modules\uni-popup\components\uni-popup\popup.js", "JavaScript", 0, 0, 21, 0, 0, 0, 0, 0, 0, 0, 3, 3, 27
"d:\CodeArea\Other\NewsApp\news\uni_modules\uni-popup\components\uni-popup\uni-popup.vue", "Vue", 346, 0, 0, 0, 0, 0, 0, 0, 0, 0, 118, 12, 476
"d:\CodeArea\Other\NewsApp\news\uni_modules\uni-popup\package.json", "JSON", 0, 90, 0, 0, 0, 0, 0, 0, 0, 0, 0, 1, 91
"d:\CodeArea\Other\NewsApp\news\uni_modules\uni-popup\readme.md", "Markdown", 0, 0, 0, 7, 0, 0, 0, 0, 0, 0, 0, 11, 18
"d:\CodeArea\Other\NewsApp\news\uni_modules\uni-scss\changelog.md", "Markdown", 0, 0, 0, 8, 0, 0, 0, 0, 0, 0, 0, 1, 9
"d:\CodeArea\Other\NewsApp\news\uni_modules\uni-scss\index.scss", "SCSS", 0, 0, 0, 0, 1, 0, 0, 0, 0, 0, 0, 1, 2
"d:\CodeArea\Other\NewsApp\news\uni_modules\uni-scss\package.json", "JSON", 0, 82, 0, 0, 0, 0, 0, 0, 0, 0, 0, 1, 83
"d:\CodeArea\Other\NewsApp\news\uni_modules\uni-scss\readme.md", "Markdown", 0, 0, 0, 3, 0, 0, 0, 0, 0, 0, 0, 1, 4
"d:\CodeArea\Other\NewsApp\news\uni_modules\uni-scss\styles\index.scss", "SCSS", 0, 0, 0, 0, 7, 0, 0, 0, 0, 0, 0, 1, 8
"d:\CodeArea\Other\NewsApp\news\uni_modules\uni-scss\styles\setting\_border.scss", "SCSS", 0, 0, 0, 0, 3, 0, 0, 0, 0, 0, 0, 0, 3
"d:\CodeArea\Other\NewsApp\news\uni_modules\uni-scss\styles\setting\_color.scss", "SCSS", 0, 0, 0, 0, 49, 0, 0, 0, 0, 0, 16, 2, 67
"d:\CodeArea\Other\NewsApp\news\uni_modules\uni-scss\styles\setting\_radius.scss", "SCSS", 0, 0, 0, 0, 52, 0, 0, 0, 0, 0, 1, 3, 56
"d:\CodeArea\Other\NewsApp\news\uni_modules\uni-scss\styles\setting\_space.scss", "SCSS", 0, 0, 0, 0, 54, 0, 0, 0, 0, 0, 0, 2, 56
"d:\CodeArea\Other\NewsApp\news\uni_modules\uni-scss\styles\setting\_styles.scss", "SCSS", 0, 0, 0, 0, 149, 0, 0, 0, 0, 0, 3, 16, 168
"d:\CodeArea\Other\NewsApp\news\uni_modules\uni-scss\styles\setting\_text.scss", "SCSS", 0, 0, 0, 0, 19, 0, 0, 0, 0, 0, 4, 2, 25
"d:\CodeArea\Other\NewsApp\news\uni_modules\uni-scss\styles\setting\_variables.scss", "SCSS", 0, 0, 0, 0, 103, 0, 0, 0, 0, 0, 29, 15, 147
"d:\CodeArea\Other\NewsApp\news\uni_modules\uni-scss\styles\tools\functions.scss", "SCSS", 0, 0, 0, 0, 17, 0, 0, 0, 0, 0, 1, 2, 20
"d:\CodeArea\Other\NewsApp\news\uni_modules\uni-scss\theme.scss", "SCSS", 0, 0, 0, 0, 19, 0, 0, 0, 0, 0, 11, 2, 32
"d:\CodeArea\Other\NewsApp\news\uni_modules\uni-scss\variables.scss", "SCSS", 0, 0, 0, 0, 37, 0, 0, 0, 0, 0, 13, 13, 63
"d:\CodeArea\Other\NewsApp\news\uni_modules\uni-transition\changelog.md", "Markdown", 0, 0, 0, 20, 0, 0, 0, 0, 0, 0, 0, 1, 21
"d:\CodeArea\Other\NewsApp\news\uni_modules\uni-transition\components\uni-transition\createAnimation.js", "JavaScript", 0, 0, 100, 0, 0, 0, 0, 0, 0, 0, 20, 9, 129
"d:\CodeArea\Other\NewsApp\news\uni_modules\uni-transition\components\uni-transition\uni-transition.vue", "Vue", 232, 0, 0, 0, 0, 0, 0, 0, 0, 0, 41, 5, 278
"d:\CodeArea\Other\NewsApp\news\uni_modules\uni-transition\package.json", "JSON", 0, 87, 0, 0, 0, 0, 0, 0, 0, 0, 0, 0, 87
"d:\CodeArea\Other\NewsApp\news\uni_modules\uni-transition\readme.md", "Markdown", 0, 0, 0, 6, 0, 0, 0, 0, 0, 0, 0, 5, 11
"d:\CodeArea\Other\NewsApp\news\uni_modules\uview-ui\README.md", "Markdown", 0, 0, 0, 79, 0, 0, 0, 0, 0, 0, 0, 26, 105
"d:\CodeArea\Other\NewsApp\news\uni_modules\uview-ui\changelog.md", "Markdown", 0, 0, 0, 247, 0, 0, 0, 0, 0, 0, 0, 47, 294
"d:\CodeArea\Other\NewsApp\news\uni_modules\uview-ui\components\theme.scss", "SCSS", 0, 0, 0, 0, 31, 0, 0, 0, 0, 0, 6, 8, 45
"d:\CodeArea\Other\NewsApp\news\uni_modules\uview-ui\components\u--form\u--form.vue", "Vue", 55, 0, 0, 0, 0, 0, 0, 0, 0, 0, 22, 2, 79
"d:\CodeArea\Other\NewsApp\news\uni_modules\uview-ui\components\u--image\u--image.vue", "Vue", 42, 0, 0, 0, 0, 0, 0, 0, 0, 0, 4, 1, 47
"d:\CodeArea\Other\NewsApp\news\uni_modules\uview-ui\components\u--input\u--input.vue", "Vue", 67, 0, 0, 0, 0, 0, 0, 0, 0, 0, 4, 1, 72
"d:\CodeArea\Other\NewsApp\news\uni_modules\uview-ui\components\u--text\u--text.vue", "Vue", 38, 0, 0, 0, 0, 0, 0, 0, 0, 0, 5, 2, 45
"d:\CodeArea\Other\NewsApp\news\uni_modules\uview-ui\components\u--textarea\u--textarea.vue", "Vue", 42, 0, 0, 0, 0, 0, 0, 0, 0, 0, 4, 2, 48
"d:\CodeArea\Other\NewsApp\news\uni_modules\uview-ui\components\u-action-sheet\props.js", "JavaScript", 0, 0, 44, 0, 0, 0, 0, 0, 0, 0, 10, 1, 55
"d:\CodeArea\Other\NewsApp\news\uni_modules\uview-ui\components\u-action-sheet\u-action-sheet.vue", "Vue", 224, 0, 0, 0, 0, 0, 0, 0, 0, 0, 37, 15, 276
"d:\CodeArea\Other\NewsApp\news\uni_modules\uview-ui\components\u-album\props.js", "JavaScript", 0, 0, 48, 0, 0, 0, 0, 0, 0, 0, 11, 1, 60
"d:\CodeArea\Other\NewsApp\news\uni_modules\uview-ui\components\u-album\u-album.vue", "Vue", 204, 0, 0, 0, 0, 0, 0, 0, 0, 0, 47, 8, 259
"d:\CodeArea\Other\NewsApp\news\uni_modules\uview-ui\components\u-alert\props.js", "JavaScript", 0, 0, 36, 0, 0, 0, 0, 0, 0, 0, 8, 1, 45
"d:\CodeArea\Other\NewsApp\news\uni_modules\uview-ui\components\u-alert\u-alert.vue", "Vue", 199, 0, 0, 0, 0, 0, 0, 0, 0, 0, 20, 25, 244
"d:\CodeArea\Other\NewsApp\news\uni_modules\uview-ui\components\u-avatar-group\props.js", "JavaScript", 0, 0, 43, 0, 0, 0, 0, 0, 0, 0, 9, 1, 53
"d:\CodeArea\Other\NewsApp\news\uni_modules\uview-ui\components\u-avatar-group\u-avatar-group.vue", "Vue", 78, 0, 0, 0, 0, 0, 0, 0, 0, 0, 18, 8, 104
"d:\CodeArea\Other\NewsApp\news\uni_modules\uview-ui\components\u-avatar\props.js", "JavaScript", 0, 0, 63, 0, 0, 0, 0, 0, 0, 0, 15, 1, 79
"d:\CodeArea\Other\NewsApp\news\uni_modules\uview-ui\components\u-avatar\u-avatar.vue", "Vue", 130, 0, 0, 0, 0, 0, 0, 0, 0, 0, 35, 8, 173
"d:\CodeArea\Other\NewsApp\news\uni_modules\uview-ui\components\u-back-top\props.js", "JavaScript", 0, 0, 44, 0, 0, 0, 0, 0, 0, 0, 10, 1, 55
"d:\CodeArea\Other\NewsApp\news\uni_modules\uview-ui\components\u-back-top\u-back-top.vue", "Vue", 97, 0, 0, 0, 0, 0, 0, 0, 0, 0, 28, 5, 130
"d:\CodeArea\Other\NewsApp\news\uni_modules\uview-ui\components\u-badge\props.js", "JavaScript", 0, 0, 56, 0, 0, 0, 0, 0, 0, 0, 16, 1, 73
"d:\CodeArea\Other\NewsApp\news\uni_modules\uview-ui\components\u-badge\u-badge.vue", "Vue", 128, 0, 0, 0, 0, 0, 0, 0, 0, 0, 25, 19, 172
"d:\CodeArea\Other\NewsApp\news\uni_modules\uview-ui\components\u-button\nvue.scss", "SCSS", 0, 0, 0, 0, 38, 0, 0, 0, 0, 0, 0, 8, 46
"d:\CodeArea\Other\NewsApp\news\uni_modules\uview-ui\components\u-button\props.js", "JavaScript", 0, 0, 116, 0, 0, 0, 0, 0, 0, 0, 45, 1, 162
"d:\CodeArea\Other\NewsApp\news\uni_modules\uview-ui\components\u-button\u-button.vue", "Vue", 386, 0, 0, 0, 0, 0, 0, 0, 0, 0, 79, 26, 491
"d:\CodeArea\Other\NewsApp\news\uni_modules\uview-ui\components\u-button\vue.scss", "SCSS", 0, 0, 0, 0, 69, 0, 0, 0, 0, 0, 1, 11, 81
"d:\CodeArea\Other\NewsApp\news\uni_modules\uview-ui\components\u-calendar\header.vue", "Vue", 86, 0, 0, 0, 0, 0, 0, 0, 0, 0, 4, 10, 100
"d:\CodeArea\Other\NewsApp\news\uni_modules\uview-ui\components\u-calendar\month.vue", "Vue", 467, 0, 0, 0, 0, 0, 0, 0, 0, 0, 90, 23, 580
"d:\CodeArea\Other\NewsApp\news\uni_modules\uview-ui\components\u-calendar\props.js", "JavaScript", 0, 0, 116, 0, 0, 0, 0, 0, 0, 0, 28, 1, 145
"d:\CodeArea\Other\NewsApp\news\uni_modules\uview-ui\components\u-calendar\u-calendar.vue", "Vue", 297, 0, 0, 0, 0, 0, 0, 0, 0, 0, 81, 6, 384
"d:\CodeArea\Other\NewsApp\news\uni_modules\uview-ui\components\u-calendar\util.js", "JavaScript", 0, 0, 60, 0, 0, 0, 0, 0, 0, 0, 12, 14, 86
"d:\CodeArea\Other\NewsApp\news\uni_modules\uview-ui\components\u-car-keyboard\props.js", "JavaScript", 0, 0, 12, 0, 0, 0, 0, 0, 0, 0, 2, 1, 15
"d:\CodeArea\Other\NewsApp\news\uni_modules\uview-ui\components\u-car-keyboard\u-car-keyboard.vue", "Vue", 280, 0, 0, 0, 0, 0, 0, 0, 0, 0, 19, 13, 312
"d:\CodeArea\Other\NewsApp\news\uni_modules\uview-ui\components\u-cell-group\props.js", "JavaScript", 0, 0, 12, 0, 0, 0, 0, 0, 0, 0, 2, 1, 15
"d:\CodeArea\Other\NewsApp\news\uni_modules\uview-ui\components\u-cell-group\u-cell-group.vue", "Vue", 41, 0, 0, 0, 0, 0, 0, 0, 0, 0, 12, 9, 62
"d:\CodeArea\Other\NewsApp\news\uni_modules\uview-ui\components\u-cell-item\u-cell-item.vue", "Vue", 236, 0, 0, 0, 0, 0, 0, 0, 0, 0, 63, 18, 317
"d:\CodeArea\Other\NewsApp\news\uni_modules\uview-ui\components\u-cell\props.js", "JavaScript", 0, 0, 90, 0, 0, 0, 0, 0, 0, 0, 20, 1, 111
"d:\CodeArea\Other\NewsApp\news\uni_modules\uview-ui\components\u-cell\u-cell.vue", "Vue", 168, 0, 0, 0, 0, 0, 0, 0, 0, 0, 37, 25, 230
"d:\CodeArea\Other\NewsApp\news\uni_modules\uview-ui\components\u-checkbox-group\props.js", "JavaScript", 0, 0, 64, 0, 0, 0, 0, 0, 0, 0, 15, 4, 83
"d:\CodeArea\Other\NewsApp\news\uni_modules\uview-ui\components\u-checkbox-group\u-checkbox-group.vue", "Vue", 64, 0, 0, 0, 0, 0, 0, 0, 0, 0, 33, 7, 104
"d:\CodeArea\Other\NewsApp\news\uni_modules\uview-ui\components\u-checkbox\props.js", "JavaScript", 0, 0, 56, 0, 0, 0, 0, 0, 0, 0, 13, 1, 70
"d:\CodeArea\Other\NewsApp\news\uni_modules\uview-ui\components\u-checkbox\u-checkbox.vue", "Vue", 263, 0, 0, 0, 0, 0, 0, 0, 0, 0, 65, 17, 345
"d:\CodeArea\Other\NewsApp\news\uni_modules\uview-ui\components\u-circle-progress\props.js", "JavaScript", 0, 0, 8, 0, 0, 0, 0, 0, 0, 0, 0, 1, 9
"d:\CodeArea\Other\NewsApp\news\uni_modules\uview-ui\components\u-circle-progress\u-circle-progress.vue", "Vue", 138, 0, 0, 0, 0, 0, 0, 0, 0, 0, 47, 14, 199
"d:\CodeArea\Other\NewsApp\news\uni_modules\uview-ui\components\u-code-input\props.js", "JavaScript", 0, 0, 60, 0, 0, 0, 0, 0, 0, 0, 14, 1, 75
"d:\CodeArea\Other\NewsApp\news\uni_modules\uview-ui\components\u-code-input\u-code-input.vue", "Vue", 161, 0, 0, 0, 0, 0, 0, 0, 0, 0, 43, 10, 214
"d:\CodeArea\Other\NewsApp\news\uni_modules\uview-ui\components\u-code\props.js", "JavaScript", 0, 0, 28, 0, 0, 0, 0, 0, 0, 0, 6, 1, 35
"d:\CodeArea\Other\NewsApp\news\uni_modules\uview-ui\components\u-code\u-code.vue", "Vue", 93, 0, 0, 0, 0, 0, 0, 0, 0, 0, 34, 3, 130
"d:\CodeArea\Other\NewsApp\news\uni_modules\uview-ui\components\u-col\props.js", "JavaScript", 0, 0, 24, 0, 0, 0, 0, 0, 0, 0, 5, 1, 30
"d:\CodeArea\Other\NewsApp\news\uni_modules\uview-ui\components\u-col\u-col.vue", "Vue", 117, 0, 0, 0, 0, 0, 0, 0, 0, 0, 28, 18, 163
"d:\CodeArea\Other\NewsApp\news\uni_modules\uview-ui\components\u-collapse-item\props.js", "JavaScript", 0, 0, 48, 0, 0, 0, 0, 0, 0, 0, 11, 1, 60
"d:\CodeArea\Other\NewsApp\news\uni_modules\uview-ui\components\u-collapse-item\u-collapse-item.vue", "Vue", 168, 0, 0, 0, 0, 0, 0, 0, 0, 0, 49, 9, 226
"d:\CodeArea\Other\NewsApp\news\uni_modules\uview-ui\components\u-collapse\props.js", "JavaScript", 0, 0, 16, 0, 0, 0, 0, 0, 0, 0, 3, 1, 20
"d:\CodeArea\Other\NewsApp\news\uni_modules\uview-ui\components\u-collapse\u-collapse.vue", "Vue", 65, 0, 0, 0, 0, 0, 0, 0, 0, 0, 22, 4, 91
"d:\CodeArea\Other\NewsApp\news\uni_modules\uview-ui\components\u-column-notice\props.js", "JavaScript", 0, 0, 44, 0, 0, 0, 0, 0, 0, 0, 11, 1, 56
"d:\CodeArea\Other\NewsApp\news\uni_modules\uview-ui\components\u-column-notice\u-column-notice.vue", "Vue", 132, 0, 0, 0, 0, 0, 0, 0, 0, 0, 20, 9, 161
"d:\CodeArea\Other\NewsApp\news\uni_modules\uview-ui\components\u-count-down\props.js", "JavaScript", 0, 0, 20, 0, 0, 0, 0, 0, 0, 0, 4, 1, 25
"d:\CodeArea\Other\NewsApp\news\uni_modules\uview-ui\components\u-count-down\u-count-down.vue", "Vue", 124, 0, 0, 0, 0, 0, 0, 0, 0, 0, 36, 4, 164
"d:\CodeArea\Other\NewsApp\news\uni_modules\uview-ui\components\u-count-down\utils.js", "JavaScript", 0, 0, 58, 0, 0, 0, 0, 0, 0, 0, 4, 1, 63
"d:\CodeArea\Other\NewsApp\news\uni_modules\uview-ui\components\u-count-to\props.js", "JavaScript", 0, 0, 48, 0, 0, 0, 0, 0, 0, 0, 11, 1, 60
"d:\CodeArea\Other\NewsApp\news\uni_modules\uview-ui\components\u-count-to\u-count-to.vue", "Vue", 153, 0, 0, 0, 0, 0, 0, 0, 0, 0, 28, 4, 185
"d:\CodeArea\Other\NewsApp\news\uni_modules\uview-ui\components\u-datetime-picker\props.js", "JavaScript", 0, 0, 92, 0, 0, 0, 0, 0, 0, 0, 24, 1, 117
"d:\CodeArea\Other\NewsApp\news\uni_modules\uview-ui\components\u-datetime-picker\u-datetime-picker.vue", "Vue", 280, 0, 0, 0, 0, 0, 0, 0, 0, 0, 75, 4, 359
"d:\CodeArea\Other\NewsApp\news\uni_modules\uview-ui\components\u-divider\props.js", "JavaScript", 0, 0, 36, 0, 0, 0, 0, 0, 0, 0, 8, 1, 45
"d:\CodeArea\Other\NewsApp\news\uni_modules\uview-ui\components\u-divider\u-divider.vue", "Vue", 89, 0, 0, 0, 0, 0, 0, 0, 0, 0, 22, 6, 117
"d:\CodeArea\Other\NewsApp\news\uni_modules\uview-ui\components\u-dropdown-item\props.js", "JavaScript", 0, 0, 30, 0, 0, 0, 0, 0, 0, 0, 6, 1, 37
"d:\CodeArea\Other\NewsApp\news\uni_modules\uview-ui\components\u-dropdown-item\u-dropdown-item.vue", "Vue", 117, 0, 0, 0, 0, 0, 0, 0, 0, 0, 24, 6, 147
"d:\CodeArea\Other\NewsApp\news\uni_modules\uview-ui\components\u-dropdown\props.js", "JavaScript", 0, 0, 54, 0, 0, 0, 0, 0, 0, 0, 11, 1, 66
"d:\CodeArea\Other\NewsApp\news\uni_modules\uview-ui\components\u-dropdown\u-dropdown.vue", "Vue", 98, 0, 0, 0, 0, 0, 0, 0, 0, 0, 21, 9, 128
"d:\CodeArea\Other\NewsApp\news\uni_modules\uview-ui\components\u-empty\props.js", "JavaScript", 0, 0, 48, 0, 0, 0, 0, 0, 0, 0, 11, 1, 60
"d:\CodeArea\Other\NewsApp\news\uni_modules\uview-ui\components\u-empty\u-empty.vue", "Vue", 98, 0, 0, 0, 0, 0, 0, 0, 0, 0, 25, 6, 129
"d:\CodeArea\Other\NewsApp\news\uni_modules\uview-ui\components\u-form-item\props.js", "JavaScript", 0, 0, 36, 0, 0, 0, 0, 0, 0, 0, 7, 1, 44
"d:\CodeArea\Other\NewsApp\news\uni_modules\uview-ui\components\u-form-item\u-form-item.vue", "Vue", 188, 0, 0, 0, 0, 0, 0, 0, 0, 0, 33, 15, 236
"d:\CodeArea\Other\NewsApp\news\uni_modules\uview-ui\components\u-form\props.js", "JavaScript", 0, 0, 36, 0, 0, 0, 0, 0, 0, 0, 9, 1, 46
"d:\CodeArea\Other\NewsApp\news\uni_modules\uview-ui\components\u-form\u-form.vue", "Vue", 159, 0, 0, 0, 0, 0, 0, 0, 0, 0, 51, 5, 215
"d:\CodeArea\Other\NewsApp\news\uni_modules\uview-ui\components\u-gap\props.js", "JavaScript", 0, 0, 20, 0, 0, 0, 0, 0, 0, 0, 4, 1, 25
"d:\CodeArea\Other\NewsApp\news\uni_modules\uview-ui\components\u-gap\u-gap.vue", "Vue", 24, 0, 0, 0, 0, 0, 0, 0, 0, 0, 12, 3, 39
"d:\CodeArea\Other\NewsApp\news\uni_modules\uview-ui\components\u-grid-item\props.js", "JavaScript", 0, 0, 12, 0, 0, 0, 0, 0, 0, 0, 2, 1, 15
"d:\CodeArea\Other\NewsApp\news\uni_modules\uview-ui\components\u-grid-item\u-grid-item.vue", "Vue", 151, 0, 0, 0, 0, 0, 0, 0, 0, 0, 50, 9, 210
"d:\CodeArea\Other\NewsApp\news\uni_modules\uview-ui\components\u-grid\props.js", "JavaScript", 0, 0, 16, 0, 0, 0, 0, 0, 0, 0, 3, 1, 20
"d:\CodeArea\Other\NewsApp\news\uni_modules\uview-ui\components\u-grid\u-grid.vue", "Vue", 76, 0, 0, 0, 0, 0, 0, 0, 0, 0, 19, 3, 98
"d:\CodeArea\Other\NewsApp\news\uni_modules\uview-ui\components\u-icon\icons.js", "JavaScript", 0, 0, 214, 0, 0, 0, 0, 0, 0, 0, 0, 1, 215
"d:\CodeArea\Other\NewsApp\news\uni_modules\uview-ui\components\u-icon\props.js", "JavaScript", 0, 0, 72, 0, 0, 0, 0, 0, 0, 0, 17, 1, 90
"d:\CodeArea\Other\NewsApp\news\uni_modules\uview-ui\components\u-icon\u-icon.vue", "Vue", 152, 0, 0, 0, 0, 0, 0, 0, 0, 0, 59, 24, 235
"d:\CodeArea\Other\NewsApp\news\uni_modules\uview-ui\components\u-image\props.js", "JavaScript", 0, 0, 68, 0, 0, 0, 0, 0, 0, 0, 16, 1, 85
"d:\CodeArea\Other\NewsApp\news\uni_modules\uview-ui\components\u-image\u-image.vue", "Vue", 160, 0, 0, 0, 0, 0, 0, 0, 0, 0, 64, 9, 233
"d:\CodeArea\Other\NewsApp\news\uni_modules\uview-ui\components\u-index-anchor\props.js", "JavaScript", 0, 0, 24, 0, 0, 0, 0, 0, 0, 0, 5, 1, 30
"d:\CodeArea\Other\NewsApp\news\uni_modules\uview-ui\components\u-index-anchor\u-index-anchor.vue", "Vue", 68, 0, 0, 0, 0, 0, 0, 0, 0, 0, 19, 5, 92
"d:\CodeArea\Other\NewsApp\news\uni_modules\uview-ui\components\u-index-item\props.js", "JavaScript", 0, 0, 4, 0, 0, 0, 0, 0, 0, 0, 0, 2, 6
"d:\CodeArea\Other\NewsApp\news\uni_modules\uview-ui\components\u-index-item\u-index-item.vue", "Vue", 64, 0, 0, 0, 0, 0, 0, 0, 0, 0, 19, 5, 88
"d:\CodeArea\Other\NewsApp\news\uni_modules\uview-ui\components\u-index-list\props.js", "JavaScript", 0, 0, 24, 0, 0, 0, 0, 0, 0, 0, 5, 1, 30
"d:\CodeArea\Other\NewsApp\news\uni_modules\uview-ui\components\u-index-list\u-index-list.vue", "Vue", 343, 0, 0, 0, 0, 0, 0, 0, 0, 0, 86, 12, 441
"d:\CodeArea\Other\NewsApp\news\uni_modules\uview-ui\components\u-input\props.js", "JavaScript", 0, 0, 140, 0, 0, 0, 0, 0, 0, 0, 42, 1, 183
"d:\CodeArea\Other\NewsApp\news\uni_modules\uview-ui\components\u-input\u-input.vue", "Vue", 260, 0, 0, 0, 0, 0, 0, 0, 0, 0, 81, 13, 354
"d:\CodeArea\Other\NewsApp\news\uni_modules\uview-ui\components\u-keyboard\props.js", "JavaScript", 0, 0, 68, 0, 0, 0, 0, 0, 0, 0, 16, 1, 85
"d:\CodeArea\Other\NewsApp\news\uni_modules\uview-ui\components\u-keyboard\u-keyboard.vue", "Vue", 124, 0, 0, 0, 0, 0, 0, 0, 0, 0, 30, 11, 165
"d:\CodeArea\Other\NewsApp\news\uni_modules\uview-ui\components\u-line-progress\props.js", "JavaScript", 0, 0, 24, 0, 0, 0, 0, 0, 0, 0, 4, 1, 29
"d:\CodeArea\Other\NewsApp\news\uni_modules\uview-ui\components\u-line-progress\u-line-progress.vue", "Vue", 116, 0, 0, 0, 0, 0, 0, 0, 0, 0, 21, 8, 145
"d:\CodeArea\Other\NewsApp\news\uni_modules\uview-ui\components\u-line\props.js", "JavaScript", 0, 0, 28, 0, 0, 0, 0, 0, 0, 0, 5, 1, 34
"d:\CodeArea\Other\NewsApp\news\uni_modules\uview-ui\components\u-line\u-line.vue", "Vue", 39, 0, 0, 0, 0, 0, 0, 0, 0, 0, 18, 6, 63
"d:\CodeArea\Other\NewsApp\news\uni_modules\uview-ui\components\u-link\props.js", "JavaScript", 0, 0, 32, 0, 0, 0, 0, 0, 0, 0, 7, 1, 40
"d:\CodeArea\Other\NewsApp\news\uni_modules\uview-ui\components\u-link\u-link.vue", "Vue", 51, 0, 0, 0, 0, 0, 0, 0, 0, 0, 28, 5, 84
"d:\CodeArea\Other\NewsApp\news\uni_modules\uview-ui\components\u-list-item\props.js", "JavaScript", 0, 0, 8, 0, 0, 0, 0, 0, 0, 0, 1, 1, 10
"d:\CodeArea\Other\NewsApp\news\uni_modules\uview-ui\components\u-list-item\u-list-item.vue", "Vue", 90, 0, 0, 0, 0, 0, 0, 0, 0, 0, 21, 6, 117
"d:\CodeArea\Other\NewsApp\news\uni_modules\uview-ui\components\u-list\props.js", "JavaScript", 0, 0, 60, 0, 0, 0, 0, 0, 0, 0, 15, 2, 77
"d:\CodeArea\Other\NewsApp\news\uni_modules\uview-ui\components\u-list\u-list.vue", "Vue", 115, 0, 0, 0, 0, 0, 0, 0, 0, 0, 40, 5, 160
"d:\CodeArea\Other\NewsApp\news\uni_modules\uview-ui\components\u-loading-icon\props.js", "JavaScript", 0, 0, 48, 0, 0, 0, 0, 0, 0, 0, 11, 1, 60
"d:\CodeArea\Other\NewsApp\news\uni_modules\uview-ui\components\u-loading-icon\u-loading-icon.vue", "Vue", 268, 0, 0, 0, 0, 0, 0, 0, 0, 0, 57, 19, 344
"d:\CodeArea\Other\NewsApp\news\uni_modules\uview-ui\components\u-loading-page\props.js", "JavaScript", 0, 0, 36, 0, 0, 0, 0, 0, 0, 0, 8, 1, 45
"d:\CodeArea\Other\NewsApp\news\uni_modules\uview-ui\components\u-loading-page\u-loading-page.vue", "Vue", 85, 0, 0, 0, 0, 0, 0, 0, 0, 0, 17, 9, 111
"d:\CodeArea\Other\NewsApp\news\uni_modules\uview-ui\components\u-loadmore\props.js", "JavaScript", 0, 0, 64, 0, 0, 0, 0, 0, 0, 0, 15, 2, 81
"d:\CodeArea\Other\NewsApp\news\uni_modules\uview-ui\components\u-loadmore\u-loadmore.vue", "Vue", 111, 0, 0, 0, 0, 0, 0, 0, 0, 0, 26, 9, 146
"d:\CodeArea\Other\NewsApp\news\uni_modules\uview-ui\components\u-modal\props.js", "JavaScript", 0, 0, 68, 0, 0, 0, 0, 0, 0, 0, 16, 1, 85
"d:\CodeArea\Other\NewsApp\news\uni_modules\uview-ui\components\u-modal\u-modal.vue", "Vue", 179, 0, 0, 0, 0, 0, 0, 0, 0, 0, 35, 14, 228
"d:\CodeArea\Other\NewsApp\news\uni_modules\uview-ui\components\u-navbar\props.js", "JavaScript", 0, 0, 68, 0, 0, 0, 0, 0, 0, 0, 16, 1, 85
"d:\CodeArea\Other\NewsApp\news\uni_modules\uview-ui\components\u-navbar\u-navbar.vue", "Vue", 146, 0, 0, 0, 0, 0, 0, 0, 0, 0, 27, 14, 187
"d:\CodeArea\Other\NewsApp\news\uni_modules\uview-ui\components\u-no-network\props.js", "JavaScript", 0, 0, 16, 0, 0, 0, 0, 0, 0, 0, 3, 1, 20
"d:\CodeArea\Other\NewsApp\news\uni_modules\uview-ui\components\u-no-network\u-no-network.vue", "Vue", 196, 0, 0, 0, 0, 0, 0, 0, 0, 0, 14, 10, 220
"d:\CodeArea\Other\NewsApp\news\uni_modules\uview-ui\components\u-notice-bar\props.js", "JavaScript", 0, 0, 56, 0, 0, 0, 0, 0, 0, 0, 14, 1, 71
"d:\CodeArea\Other\NewsApp\news\uni_modules\uview-ui\components\u-notice-bar\u-notice-bar.vue", "Vue", 72, 0, 0, 0, 0, 0, 0, 0, 0, 0, 26, 4, 102
"d:\CodeArea\Other\NewsApp\news\uni_modules\uview-ui\components\u-notify\props.js", "JavaScript", 0, 0, 36, 0, 0, 0, 0, 0, 0, 0, 13, 1, 50
"d:\CodeArea\Other\NewsApp\news\uni_modules\uview-ui\components\u-notify\u-notify.vue", "Vue", 158, 0, 0, 0, 0, 0, 0, 0, 0, 0, 42, 12, 212
"d:\CodeArea\Other\NewsApp\news\uni_modules\uview-ui\components\u-number-box\props.js", "JavaScript", 0, 0, 88, 0, 0, 0, 0, 0, 0, 0, 21, 1, 110
"d:\CodeArea\Other\NewsApp\news\uni_modules\uview-ui\components\u-number-box\u-number-box.vue", "Vue", 317, 0, 0, 0, 0, 0, 0, 0, 0, 0, 86, 14, 417
"d:\CodeArea\Other\NewsApp\news\uni_modules\uview-ui\components\u-number-keyboard\props.js", "JavaScript", 0, 0, 16, 0, 0, 0, 0, 0, 0, 0, 3, 1, 20
"d:\CodeArea\Other\NewsApp\news\uni_modules\uview-ui\components\u-number-keyboard\u-number-keyboard.vue", "Vue", 169, 0, 0, 0, 0, 0, 0, 0, 0, 0, 17, 11, 197
"d:\CodeArea\Other\NewsApp\news\uni_modules\uview-ui\components\u-overlay\props.js", "JavaScript", 0, 0, 20, 0, 0, 0, 0, 0, 0, 0, 4, 1, 25
"d:\CodeArea\Other\NewsApp\news\uni_modules\uview-ui\components\u-overlay\u-overlay.vue", "Vue", 53, 0, 0, 0, 0, 0, 0, 0, 0, 0, 12, 4, 69
"d:\CodeArea\Other\NewsApp\news\uni_modules\uview-ui\components\u-parse\node\node.vue", "Vue", 393, 0, 0, 0, 0, 0, 0, 0, 0, 0, 67, 39, 499
"d:\CodeArea\Other\NewsApp\news\uni_modules\uview-ui\components\u-parse\parser.js", "JavaScript", 0, 0, 728, 0, 0, 0, 0, 0, 0, 0, 160, 188, 1076
"d:\CodeArea\Other\NewsApp\news\uni_modules\uview-ui\components\u-parse\props.js", "JavaScript", 0, 0, 43, 0, 0, 0, 0, 0, 0, 0, 2, 1, 46
"d:\CodeArea\Other\NewsApp\news\uni_modules\uview-ui\components\u-parse\u-parse.vue", "Vue", 247, 0, 0, 0, 0, 0, 0, 0, 0, 0, 107, 13, 367
"d:\CodeArea\Other\NewsApp\news\uni_modules\uview-ui\components\u-picker-column\props.js", "JavaScript", 0, 0, 4, 0, 0, 0, 0, 0, 0, 0, 0, 2, 6
"d:\CodeArea\Other\NewsApp\news\uni_modules\uview-ui\components\u-picker-column\u-picker-column.vue", "Vue", 16, 0, 0, 0, 0, 0, 0, 0, 0, 0, 8, 4, 28
"d:\CodeArea\Other\NewsApp\news\uni_modules\uview-ui\components\u-picker\props.js", "JavaScript", 0, 0, 68, 0, 0, 0, 0, 0, 0, 0, 16, 1, 85
"d:\CodeArea\Other\NewsApp\news\uni_modules\uview-ui\components\u-picker\u-picker.vue", "Vue", 211, 0, 0, 0, 0, 0, 0, 0, 0, 0, 64, 10, 285
"d:\CodeArea\Other\NewsApp\news\uni_modules\uview-ui\components\u-popup\props.js", "JavaScript", 0, 0, 64, 0, 0, 0, 0, 0, 0, 0, 15, 1, 80
"d:\CodeArea\Other\NewsApp\news\uni_modules\uview-ui\components\u-popup\u-popup.vue", "Vue", 249, 0, 0, 0, 0, 0, 0, 0, 0, 0, 39, 17, 305
"d:\CodeArea\Other\NewsApp\news\uni_modules\uview-ui\components\u-radio-group\props.js", "JavaScript", 0, 0, 68, 0, 0, 0, 0, 0, 0, 0, 16, 2, 86
"d:\CodeArea\Other\NewsApp\news\uni_modules\uview-ui\components\u-radio-group\u-radio-group.vue", "Vue", 67, 0, 0, 0, 0, 0, 0, 0, 0, 0, 34, 8, 109
"d:\CodeArea\Other\NewsApp\news\uni_modules\uview-ui\components\u-radio\props.js", "JavaScript", 0, 0, 52, 0, 0, 0, 0, 0, 0, 0, 12, 1, 65
"d:\CodeArea\Other\NewsApp\news\uni_modules\uview-ui\components\u-radio\u-radio.vue", "Vue", 255, 0, 0, 0, 0, 0, 0, 0, 0, 0, 66, 17, 338
"d:\CodeArea\Other\NewsApp\news\uni_modules\uview-ui\components\u-rate\props.js", "JavaScript", 0, 0, 52, 0, 0, 0, 0, 0, 0, 0, 12, 1, 65
"d:\CodeArea\Other\NewsApp\news\uni_modules\uview-ui\components\u-rate\u-rate.vue", "Vue", 226, 0, 0, 0, 0, 0, 0, 0, 0, 0, 67, 11, 304
"d:\CodeArea\Other\NewsApp\news\uni_modules\uview-ui\components\u-read-more\props.js", "JavaScript", 0, 0, 45, 0, 0, 0, 0, 0, 0, 0, 16, 1, 62
"d:\CodeArea\Other\NewsApp\news\uni_modules\uview-ui\components\u-read-more\u-read-more.vue", "Vue", 120, 0, 0, 0, 0, 0, 0, 0, 0, 0, 30, 8, 158
"d:\CodeArea\Other\NewsApp\news\uni_modules\uview-ui\components\u-row-notice\props.js", "JavaScript", 0, 0, 32, 0, 0, 0, 0, 0, 0, 0, 7, 1, 40
"d:\CodeArea\Other\NewsApp\news\uni_modules\uview-ui\components\u-row-notice\u-row-notice.vue", "Vue", 221, 0, 0, 0, 0, 0, 0, 0, 0, 0, 72, 14, 307
"d:\CodeArea\Other\NewsApp\news\uni_modules\uview-ui\components\u-row\props.js", "JavaScript", 0, 0, 16, 0, 0, 0, 0, 0, 0, 0, 3, 1, 20
"d:\CodeArea\Other\NewsApp\news\uni_modules\uview-ui\components\u-row\u-row.vue", "Vue", 67, 0, 0, 0, 0, 0, 0, 0, 0, 0, 22, 5, 94
"d:\CodeArea\Other\NewsApp\news\uni_modules\uview-ui\components\u-safe-bottom\props.js", "JavaScript", 0, 0, 4, 0, 0, 0, 0, 0, 0, 0, 0, 2, 6
"d:\CodeArea\Other\NewsApp\news\uni_modules\uview-ui\components\u-safe-bottom\u-safe-bottom.vue", "Vue", 36, 0, 0, 0, 0, 0, 0, 0, 0, 0, 18, 3, 57
"d:\CodeArea\Other\NewsApp\news\uni_modules\uview-ui\components\u-scroll-list\nvue.js", "JavaScript", 0, 0, 24, 0, 0, 0, 0, 0, 0, 0, 3, 2, 29
"d:\CodeArea\Other\NewsApp\news\uni_modules\uview-ui\components\u-scroll-list\other.js", "JavaScript", 0, 0, 0, 0, 0, 0, 0, 0, 0, 0, 0, 1, 1
"d:\CodeArea\Other\NewsApp\news\uni_modules\uview-ui\components\u-scroll-list\props.js", "JavaScript", 0, 0, 28, 0, 0, 0, 0, 0, 0, 0, 6, 1, 35
"d:\CodeArea\Other\NewsApp\news\uni_modules\uview-ui\components\u-scroll-list\scrollWxs.wxs", "XML", 0, 0, 0, 0, 0, 0, 0, 0, 46, 0, 0, 5, 51
"d:\CodeArea\Other\NewsApp\news\uni_modules\uview-ui\components\u-scroll-list\u-scroll-list.vue", "Vue", 178, 0, 0, 0, 0, 0, 0, 0, 0, 0, 38, 11, 227
"d:\CodeArea\Other\NewsApp\news\uni_modules\uview-ui\components\u-search\props.js", "JavaScript", 0, 0, 96, 0, 0, 0, 0, 0, 0, 0, 22, 1, 119
"d:\CodeArea\Other\NewsApp\news\uni_modules\uview-ui\components\u-search\u-search.vue", "Vue", 230, 0, 0, 0, 0, 0, 0, 0, 0, 0, 60, 14, 304
"d:\CodeArea\Other\NewsApp\news\uni_modules\uview-ui\components\u-skeleton\props.js", "JavaScript", 0, 0, 48, 0, 0, 0, 0, 0, 0, 0, 11, 1, 60
"d:\CodeArea\Other\NewsApp\news\uni_modules\uview-ui\components\u-skeleton\u-skeleton.vue", "Vue", 180, 0, 0, 0, 0, 0, 0, 0, 0, 0, 47, 18, 245
"d:\CodeArea\Other\NewsApp\news\uni_modules\uview-ui\components\u-slider\mpother.js", "JavaScript", 0, 0, 90, 0, 0, 0, 0, 0, 0, 0, 23, 1, 114
"d:\CodeArea\Other\NewsApp\news\uni_modules\uview-ui\components\u-slider\mpwxs.js", "JavaScript", 0, 0, 38, 0, 0, 0, 0, 0, 0, 0, 4, 1, 43
"d:\CodeArea\Other\NewsApp\news\uni_modules\uview-ui\components\u-slider\mpwxs.wxs", "XML", 0, 0, 0, 0, 0, 0, 0, 0, 107, 0, 0, 15, 122
"d:\CodeArea\Other\NewsApp\news\uni_modules\uview-ui\components\u-slider\nvue - 副本.js", "JavaScript", 0, 0, 132, 0, 0, 0, 0, 0, 0, 0, 43, 6, 181
"d:\CodeArea\Other\NewsApp\news\uni_modules\uview-ui\components\u-slider\nvue.js", "JavaScript", 0, 0, 111, 0, 0, 0, 0, 0, 0, 0, 79, 4, 194
"d:\CodeArea\Other\NewsApp\news\uni_modules\uview-ui\components\u-slider\props.js", "JavaScript", 0, 0, 44, 0, 0, 0, 0, 0, 0, 0, 10, 1, 55
"d:\CodeArea\Other\NewsApp\news\uni_modules\uview-ui\components\u-slider\u-slider.vue", "Vue", 47, 0, 0, 0, 0, 0, 0, 0, 0, 0, 6, 3, 56
"d:\CodeArea\Other\NewsApp\news\uni_modules\uview-ui\components\u-status-bar\props.js", "JavaScript", 0, 0, 8, 0, 0, 0, 0, 0, 0, 0, 0, 1, 9
"d:\CodeArea\Other\NewsApp\news\uni_modules\uview-ui\components\u-status-bar\u-status-bar.vue", "Vue", 32, 0, 0, 0, 0, 0, 0, 0, 0, 0, 12, 3, 47
"d:\CodeArea\Other\NewsApp\news\uni_modules\uview-ui\components\u-steps-item\props.js", "JavaScript", 0, 0, 20, 0, 0, 0, 0, 0, 0, 0, 4, 1, 25
"d:\CodeArea\Other\NewsApp\news\uni_modules\uview-ui\components\u-steps-item\u-steps-item.vue", "Vue", 271, 0, 0, 0, 0, 0, 0, 0, 0, 0, 23, 23, 317
"d:\CodeArea\Other\NewsApp\news\uni_modules\uview-ui\components\u-steps\props.js", "JavaScript", 0, 0, 32, 0, 0, 0, 0, 0, 0, 0, 7, 1, 40
"d:\CodeArea\Other\NewsApp\news\uni_modules\uview-ui\components\u-steps\u-steps.vue", "Vue", 58, 0, 0, 0, 0, 0, 0, 0, 0, 0, 17, 6, 81
"d:\CodeArea\Other\NewsApp\news\uni_modules\uview-ui\components\u-sticky\props.js", "JavaScript", 0, 0, 29, 0, 0, 0, 0, 0, 0, 0, 11, 1, 41
"d:\CodeArea\Other\NewsApp\news\uni_modules\uview-ui\components\u-sticky\u-sticky.vue", "Vue", 153, 0, 0, 0, 0, 0, 0, 0, 0, 0, 53, 7, 213
"d:\CodeArea\Other\NewsApp\news\uni_modules\uview-ui\components\u-subsection\props.js", "JavaScript", 0, 0, 40, 0, 0, 0, 0, 0, 0, 0, 9, 1, 50
"d:\CodeArea\Other\NewsApp\news\uni_modules\uview-ui\components\u-subsection\u-subsection.vue", "Vue", 235, 0, 0, 0, 0, 0, 0, 0, 0, 0, 48, 17, 300
"d:\CodeArea\Other\NewsApp\news\uni_modules\uview-ui\components\u-swipe-action-item\index - backup.wxs", "XML", 0, 0, 0, 0, 0, 0, 0, 0, 239, 0, 0, 18, 257
"d:\CodeArea\Other\NewsApp\news\uni_modules\uview-ui\components\u-swipe-action-item\index.wxs", "XML", 0, 0, 0, 0, 0, 0, 0, 0, 208, 0, 0, 18, 226
"d:\CodeArea\Other\NewsApp\news\uni_modules\uview-ui\components\u-swipe-action-item\nvue - backup.js", "JavaScript", 0, 0, 204, 0, 0, 0, 0, 0, 0, 0, 60, 7, 271
"d:\CodeArea\Other\NewsApp\news\uni_modules\uview-ui\components\u-swipe-action-item\nvue.js", "JavaScript", 0, 0, 135, 0, 0, 0, 0, 0, 0, 0, 37, 3, 175
"d:\CodeArea\Other\NewsApp\news\uni_modules\uview-ui\components\u-swipe-action-item\props.js", "JavaScript", 0, 0, 34, 0, 0, 0, 0, 0, 0, 0, 7, 1, 42
"d:\CodeArea\Other\NewsApp\news\uni_modules\uview-ui\components\u-swipe-action-item\u-swipe-action-item.vue", "Vue", 146, 0, 0, 0, 0, 0, 0, 0, 0, 0, 37, 8, 191
"d:\CodeArea\Other\NewsApp\news\uni_modules\uview-ui\components\u-swipe-action-item\wxs.js", "JavaScript", 0, 0, 13, 0, 0, 0, 0, 0, 0, 0, 2, 1, 16
"d:\CodeArea\Other\NewsApp\news\uni_modules\uview-ui\components\u-swipe-action\props.js", "JavaScript", 0, 0, 8, 0, 0, 0, 0, 0, 0, 0, 1, 1, 10
"d:\CodeArea\Other\NewsApp\news\uni_modules\uview-ui\components\u-swipe-action\u-swipe-action.vue", "Vue", 50, 0, 0, 0, 0, 0, 0, 0, 0, 0, 14, 4, 68
"d:\CodeArea\Other\NewsApp\news\uni_modules\uview-ui\components\u-swiper-indicator\props.js", "JavaScript", 0, 0, 24, 0, 0, 0, 0, 0, 0, 0, 5, 1, 30
"d:\CodeArea\Other\NewsApp\news\uni_modules\uview-ui\components\u-swiper-indicator\u-swiper-indicator.vue", "Vue", 87, 0, 0, 0, 0, 0, 0, 0, 0, 0, 13, 11, 111
"d:\CodeArea\Other\NewsApp\news\uni_modules\uview-ui\components\u-swiper\props.js", "JavaScript", 0, 0, 100, 0, 0, 0, 0, 0, 0, 0, 25, 1, 126
"d:\CodeArea\Other\NewsApp\news\uni_modules\uview-ui\components\u-swiper\u-swiper.vue", "Vue", 193, 0, 0, 0, 0, 0, 0, 0, 0, 0, 43, 11, 247
"d:\CodeArea\Other\NewsApp\news\uni_modules\uview-ui\components\u-switch\props.js", "JavaScript", 0, 0, 44, 0, 0, 0, 0, 0, 0, 0, 10, 1, 55
"d:\CodeArea\Other\NewsApp\news\uni_modules\uview-ui\components\u-switch\u-switch.vue", "Vue", 135, 0, 0, 0, 0, 0, 0, 0, 0, 0, 32, 7, 174
"d:\CodeArea\Other\NewsApp\news\uni_modules\uview-ui\components\u-tabbar-item\props.js", "JavaScript", 0, 0, 28, 0, 0, 0, 0, 0, 0, 0, 6, 2, 36
"d:\CodeArea\Other\NewsApp\news\uni_modules\uview-ui\components\u-tabbar-item\u-tabbar-item.vue", "Vue", 111, 0, 0, 0, 0, 0, 0, 0, 0, 0, 24, 8, 143
"d:\CodeArea\Other\NewsApp\news\uni_modules\uview-ui\components\u-tabbar\props.js", "JavaScript", 0, 0, 36, 0, 0, 0, 0, 0, 0, 0, 8, 1, 45
"d:\CodeArea\Other\NewsApp\news\uni_modules\uview-ui\components\u-tabbar\u-tabbar.vue", "Vue", 104, 0, 0, 0, 0, 0, 0, 0, 0, 0, 30, 8, 142
"d:\CodeArea\Other\NewsApp\news\uni_modules\uview-ui\components\u-table\props.js", "JavaScript", 0, 0, 4, 0, 0, 0, 0, 0, 0, 0, 0, 2, 6
"d:\CodeArea\Other\NewsApp\news\uni_modules\uview-ui\components\u-table\u-table.vue", "Vue", 18, 0, 0, 0, 0, 0, 0, 0, 0, 0, 6, 6, 30
"d:\CodeArea\Other\NewsApp\news\uni_modules\uview-ui\components\u-tabs-item\props.js", "JavaScript", 0, 0, 4, 0, 0, 0, 0, 0, 0, 0, 0, 2, 6
"d:\CodeArea\Other\NewsApp\news\uni_modules\uview-ui\components\u-tabs-item\u-tabs-item.vue", "Vue", 18, 0, 0, 0, 0, 0, 0, 0, 0, 0, 8, 4, 30
"d:\CodeArea\Other\NewsApp\news\uni_modules\uview-ui\components\u-tabs\props.js", "JavaScript", 0, 0, 48, 0, 0, 0, 0, 0, 0, 0, 11, 1, 60
"d:\CodeArea\Other\NewsApp\news\uni_modules\uview-ui\components\u-tabs\u-tabs.vue", "Vue", 283, 0, 0, 0, 0, 0, 0, 0, 0, 0, 55, 15, 353
"d:\CodeArea\Other\NewsApp\news\uni_modules\uview-ui\components\u-tag\props.js", "JavaScript", 0, 0, 64, 0, 0, 0, 0, 0, 0, 0, 20, 1, 85
"d:\CodeArea\Other\NewsApp\news\uni_modules\uview-ui\components\u-tag\u-tag.vue", "Vue", 281, 0, 0, 0, 0, 0, 0, 0, 0, 0, 33, 45, 359
"d:\CodeArea\Other\NewsApp\news\uni_modules\uview-ui\components\u-td\props.js", "JavaScript", 0, 0, 4, 0, 0, 0, 0, 0, 0, 0, 0, 2, 6
"d:\CodeArea\Other\NewsApp\news\uni_modules\uview-ui\components\u-td\u-td.vue", "Vue", 18, 0, 0, 0, 0, 0, 0, 0, 0, 0, 8, 6, 32
"d:\CodeArea\Other\NewsApp\news\uni_modules\uview-ui\components\u-text\props.js", "JavaScript", 0, 0, 88, 0, 0, 0, 0, 0, 0, 0, 22, 1, 111
"d:\CodeArea\Other\NewsApp\news\uni_modules\uview-ui\components\u-text\u-text.vue", "Vue", 169, 0, 0, 0, 0, 0, 0, 0, 0, 0, 40, 15, 224
"d:\CodeArea\Other\NewsApp\news\uni_modules\uview-ui\components\u-text\value.js", "JavaScript", 0, 0, 66, 0, 0, 0, 0, 0, 0, 0, 19, 1, 86
"d:\CodeArea\Other\NewsApp\news\uni_modules\uview-ui\components\u-textarea\props.js", "JavaScript", 0, 0, 92, 0, 0, 0, 0, 0, 0, 0, 22, 1, 115
"d:\CodeArea\Other\NewsApp\news\uni_modules\uview-ui\components\u-textarea\u-textarea.vue", "Vue", 172, 0, 0, 0, 0, 0, 0, 0, 0, 0, 57, 9, 238
"d:\CodeArea\Other\NewsApp\news\uni_modules\uview-ui\components\u-toast\u-toast.vue", "Vue", 233, 0, 0, 0, 0, 0, 0, 0, 0, 0, 42, 17, 292
"d:\CodeArea\Other\NewsApp\news\uni_modules\uview-ui\components\u-toolbar\props.js", "JavaScript", 0, 0, 28, 0, 0, 0, 0, 0, 0, 0, 6, 1, 35
"d:\CodeArea\Other\NewsApp\news\uni_modules\uview-ui\components\u-toolbar\u-toolbar.vue", "Vue", 81, 0, 0, 0, 0, 0, 0, 0, 0, 0, 15, 7, 103
"d:\CodeArea\Other\NewsApp\news\uni_modules\uview-ui\components\u-tooltip\clipboard.min.js", "JavaScript", 0, 0, 50, 0, 0, 0, 0, 0, 0, 0, 6, 3, 59
"d:\CodeArea\Other\NewsApp\news\uni_modules\uview-ui\components\u-tooltip\props.js", "JavaScript", 0, 0, 48, 0, 0, 0, 0, 0, 0, 0, 11, 1, 60
"d:\CodeArea\Other\NewsApp\news\uni_modules\uview-ui\components\u-tooltip\u-tooltip.vue", "Vue", 290, 0, 0, 0, 0, 0, 0, 0, 0, 0, 61, 15, 366
"d:\CodeArea\Other\NewsApp\news\uni_modules\uview-ui\components\u-tr\props.js", "JavaScript", 0, 0, 4, 0, 0, 0, 0, 0, 0, 0, 0, 2, 6
"d:\CodeArea\Other\NewsApp\news\uni_modules\uview-ui\components\u-tr\u-tr.vue", "Vue", 18, 0, 0, 0, 0, 0, 0, 0, 0, 0, 8, 6, 32
"d:\CodeArea\Other\NewsApp\news\uni_modules\uview-ui\components\u-transition\nvue.ani-map.js", "JavaScript", 0, 0, 68, 0, 0, 0, 0, 0, 0, 0, 0, 1, 69
"d:\CodeArea\Other\NewsApp\news\uni_modules\uview-ui\components\u-transition\props.js", "JavaScript", 0, 0, 20, 0, 0, 0, 0, 0, 0, 0, 4, 1, 25
"d:\CodeArea\Other\NewsApp\news\uni_modules\uview-ui\components\u-transition\transition.js", "JavaScript", 0, 0, 105, 0, 0, 0, 0, 0, 0, 0, 46, 5, 156
"d:\CodeArea\Other\NewsApp\news\uni_modules\uview-ui\components\u-transition\u-transition.vue", "Vue", 56, 0, 0, 0, 0, 0, 0, 0, 0, 0, 32, 5, 93
"d:\CodeArea\Other\NewsApp\news\uni_modules\uview-ui\components\u-transition\vue.ani-style.scss", "SCSS", 0, 0, 0, 0, 82, 0, 0, 0, 0, 0, 14, 18, 114
"d:\CodeArea\Other\NewsApp\news\uni_modules\uview-ui\components\u-upload\mixin.js", "JavaScript", 0, 0, 15, 0, 0, 0, 0, 0, 0, 0, 6, 1, 22
"d:\CodeArea\Other\NewsApp\news\uni_modules\uview-ui\components\u-upload\props.js", "JavaScript", 0, 0, 100, 0, 0, 0, 0, 0, 0, 0, 24, 1, 125
"d:\CodeArea\Other\NewsApp\news\uni_modules\uview-ui\components\u-upload\u-upload.vue", "Vue", 470, 0, 0, 0, 0, 0, 0, 0, 0, 0, 54, 22, 546
"d:\CodeArea\Other\NewsApp\news\uni_modules\uview-ui\components\u-upload\utils.js", "JavaScript", 0, 0, 123, 0, 0, 0, 0, 0, 0, 0, 24, 5, 152
"d:\CodeArea\Other\NewsApp\news\uni_modules\uview-ui\components\uview-ui\uview-ui.vue", "Vue", 11, 0, 0, 0, 0, 0, 0, 0, 0, 0, 0, 5, 16
"d:\CodeArea\Other\NewsApp\news\uni_modules\uview-ui\index.js", "JavaScript", 0, 0, 47, 0, 0, 0, 0, 0, 0, 0, 22, 11, 80
"d:\CodeArea\Other\NewsApp\news\uni_modules\uview-ui\index.scss", "SCSS", 0, 0, 0, 0, 6, 0, 0, 0, 0, 0, 13, 4, 23
"d:\CodeArea\Other\NewsApp\news\uni_modules\uview-ui\libs\config\color.js", "JavaScript", 0, 0, 14, 0, 0, 0, 0, 0, 0, 0, 2, 2, 18
"d:\CodeArea\Other\NewsApp\news\uni_modules\uview-ui\libs\config\config.js", "JavaScript", 0, 0, 27, 0, 0, 0, 0, 0, 0, 0, 5, 3, 35
"d:\CodeArea\Other\NewsApp\news\uni_modules\uview-ui\libs\config\props.js", "JavaScript", 0, 0, 182, 0, 0, 0, 0, 0, 0, 0, 5, 4, 191
"d:\CodeArea\Other\NewsApp\news\uni_modules\uview-ui\libs\config\props\actionSheet.js", "JavaScript", 0, 0, 15, 0, 0, 0, 0, 0, 0, 0, 10, 1, 26
"d:\CodeArea\Other\NewsApp\news\uni_modules\uview-ui\libs\config\props\album.js", "JavaScript", 0, 0, 15, 0, 0, 0, 0, 0, 0, 0, 10, 1, 26
"d:\CodeArea\Other\NewsApp\news\uni_modules\uview-ui\libs\config\props\alert.js", "JavaScript", 0, 0, 12, 0, 0, 0, 0, 0, 0, 0, 10, 1, 23
"d:\CodeArea\Other\NewsApp\news\uni_modules\uview-ui\libs\config\props\avatar.js", "JavaScript", 0, 0, 18, 0, 0, 0, 0, 0, 0, 0, 10, 1, 29
"d:\CodeArea\Other\NewsApp\news\uni_modules\uview-ui\libs\config\props\avatarGroup.js", "JavaScript", 0, 0, 13, 0, 0, 0, 0, 0, 0, 0, 10, 1, 24
"d:\CodeArea\Other\NewsApp\news\uni_modules\uview-ui\libs\config\props\backtop.js", "JavaScript", 0, 0, 17, 0, 0, 0, 0, 0, 0, 0, 10, 1, 28
"d:\CodeArea\Other\NewsApp\news\uni_modules\uview-ui\libs\config\props\badge.js", "JavaScript", 0, 0, 17, 0, 0, 0, 0, 0, 0, 0, 10, 1, 28
"d:\CodeArea\Other\NewsApp\news\uni_modules\uview-ui\libs\config\props\button.js", "JavaScript", 0, 0, 32, 0, 0, 0, 0, 0, 0, 0, 10, 1, 43
"d:\CodeArea\Other\NewsApp\news\uni_modules\uview-ui\libs\config\props\calendar.js", "JavaScript", 0, 0, 32, 0, 0, 0, 0, 0, 0, 0, 10, 1, 43
"d:\CodeArea\Other\NewsApp\news\uni_modules\uview-ui\libs\config\props\carKeyboard.js", "JavaScript", 0, 0, 5, 0, 0, 0, 0, 0, 0, 0, 10, 1, 16
"d:\CodeArea\Other\NewsApp\news\uni_modules\uview-ui\libs\config\props\cell.js", "JavaScript", 0, 0, 25, 0, 0, 0, 0, 0, 0, 0, 10, 1, 36
"d:\CodeArea\Other\NewsApp\news\uni_modules\uview-ui\libs\config\props\cellGroup.js", "JavaScript", 0, 0, 7, 0, 0, 0, 0, 0, 0, 0, 10, 1, 18
"d:\CodeArea\Other\NewsApp\news\uni_modules\uview-ui\libs\config\props\checkbox.js", "JavaScript", 0, 0, 17, 0, 0, 0, 0, 0, 0, 0, 10, 1, 28
"d:\CodeArea\Other\NewsApp\news\uni_modules\uview-ui\libs\config\props\checkboxGroup.js", "JavaScript", 0, 0, 19, 0, 0, 0, 0, 0, 0, 0, 10, 1, 30
"d:\CodeArea\Other\NewsApp\news\uni_modules\uview-ui\libs\config\props\circleProgress.js", "JavaScript", 0, 0, 5, 0, 0, 0, 0, 0, 0, 0, 10, 1, 16
"d:\CodeArea\Other\NewsApp\news\uni_modules\uview-ui\libs\config\props\code.js", "JavaScript", 0, 0, 10, 0, 0, 0, 0, 0, 0, 0, 10, 2, 22
"d:\CodeArea\Other\NewsApp\news\uni_modules\uview-ui\libs\config\props\codeInput.js", "JavaScript", 0, 0, 18, 0, 0, 0, 0, 0, 0, 0, 10, 1, 29
"d:\CodeArea\Other\NewsApp\news\uni_modules\uview-ui\libs\config\props\col.js", "JavaScript", 0, 0, 9, 0, 0, 0, 0, 0, 0, 0, 10, 1, 20
"d:\CodeArea\Other\NewsApp\news\uni_modules\uview-ui\libs\config\props\collapse.js", "JavaScript", 0, 0, 7, 0, 0, 0, 0, 0, 0, 0, 10, 1, 18
"d:\CodeArea\Other\NewsApp\news\uni_modules\uview-ui\libs\config\props\collapseItem.js", "JavaScript", 0, 0, 15, 0, 0, 0, 0, 0, 0, 0, 10, 1, 26
"d:\CodeArea\Other\NewsApp\news\uni_modules\uview-ui\libs\config\props\columnNotice.js", "JavaScript", 0, 0, 14, 0, 0, 0, 0, 0, 0, 0, 10, 1, 25
"d:\CodeArea\Other\NewsApp\news\uni_modules\uview-ui\libs\config\props\countDown.js", "JavaScript", 0, 0, 8, 0, 0, 0, 0, 0, 0, 0, 10, 1, 19
"d:\CodeArea\Other\NewsApp\news\uni_modules\uview-ui\libs\config\props\countTo.js", "JavaScript", 0, 0, 15, 0, 0, 0, 0, 0, 0, 0, 10, 1, 26
"d:\CodeArea\Other\NewsApp\news\uni_modules\uview-ui\libs\config\props\datetimePicker.js", "JavaScript", 0, 0, 26, 0, 0, 0, 0, 0, 0, 0, 10, 1, 37
"d:\CodeArea\Other\NewsApp\news\uni_modules\uview-ui\libs\config\props\divider.js", "JavaScript", 0, 0, 12, 0, 0, 0, 0, 0, 0, 0, 10, 2, 24
"d:\CodeArea\Other\NewsApp\news\uni_modules\uview-ui\libs\config\props\empty.js", "JavaScript", 0, 0, 15, 0, 0, 0, 0, 0, 0, 0, 10, 2, 27
"d:\CodeArea\Other\NewsApp\news\uni_modules\uview-ui\libs\config\props\form.js", "JavaScript", 0, 0, 12, 0, 0, 0, 0, 0, 0, 0, 10, 1, 23
"d:\CodeArea\Other\NewsApp\news\uni_modules\uview-ui\libs\config\props\formItem.js", "JavaScript", 0, 0, 12, 0, 0, 0, 0, 0, 0, 0, 10, 1, 23
"d:\CodeArea\Other\NewsApp\news\uni_modules\uview-ui\libs\config\props\gap.js", "JavaScript", 0, 0, 9, 0, 0, 0, 0, 0, 0, 0, 10, 1, 20
"d:\CodeArea\Other\NewsApp\news\uni_modules\uview-ui\libs\config\props\grid.js", "JavaScript", 0, 0, 7, 0, 0, 0, 0, 0, 0, 0, 10, 1, 18
"d:\CodeArea\Other\NewsApp\news\uni_modules\uview-ui\libs\config\props\gridItem.js", "JavaScript", 0, 0, 6, 0, 0, 0, 0, 0, 0, 0, 10, 1, 17
"d:\CodeArea\Other\NewsApp\news\uni_modules\uview-ui\libs\config\props\icon.js", "JavaScript", 0, 0, 25, 0, 0, 0, 0, 0, 0, 0, 10, 2, 37
"d:\CodeArea\Other\NewsApp\news\uni_modules\uview-ui\libs\config\props\image.js", "JavaScript", 0, 0, 20, 0, 0, 0, 0, 0, 0, 0, 10, 1, 31
"d:\CodeArea\Other\NewsApp\news\uni_modules\uview-ui\libs\config\props\indexAnchor.js", "JavaScript", 0, 0, 9, 0, 0, 0, 0, 0, 0, 0, 10, 1, 20
"d:\CodeArea\Other\NewsApp\news\uni_modules\uview-ui\libs\config\props\indexList.js", "JavaScript", 0, 0, 9, 0, 0, 0, 0, 0, 0, 0, 10, 1, 20
"d:\CodeArea\Other\NewsApp\news\uni_modules\uview-ui\libs\config\props\input.js", "JavaScript", 0, 0, 38, 0, 0, 0, 0, 0, 0, 0, 10, 1, 49
"d:\CodeArea\Other\NewsApp\news\uni_modules\uview-ui\libs\config\props\keyboard.js", "JavaScript", 0, 0, 20, 0, 0, 0, 0, 0, 0, 0, 10, 1, 31
"d:\CodeArea\Other\NewsApp\news\uni_modules\uview-ui\libs\config\props\line.js", "JavaScript", 0, 0, 10, 0, 0, 0, 0, 0, 0, 0, 10, 1, 21
"d:\CodeArea\Other\NewsApp\news\uni_modules\uview-ui\libs\config\props\lineProgress.js", "JavaScript", 0, 0, 9, 0, 0, 0, 0, 0, 0, 0, 10, 1, 20
"d:\CodeArea\Other\NewsApp\news\uni_modules\uview-ui\libs\config\props\link.js", "JavaScript", 0, 0, 15, 0, 0, 0, 0, 0, 0, 0, 10, 2, 27
"d:\CodeArea\Other\NewsApp\news\uni_modules\uview-ui\libs\config\props\list.js", "JavaScript", 0, 0, 18, 0, 0, 0, 0, 0, 0, 0, 10, 1, 29
"d:\CodeArea\Other\NewsApp\news\uni_modules\uview-ui\libs\config\props\listItem.js", "JavaScript", 0, 0, 5, 0, 0, 0, 0, 0, 0, 0, 10, 1, 16
"d:\CodeArea\Other\NewsApp\news\uni_modules\uview-ui\libs\config\props\loadingIcon.js", "JavaScript", 0, 0, 19, 0, 0, 0, 0, 0, 0, 0, 10, 2, 31
"d:\CodeArea\Other\NewsApp\news\uni_modules\uview-ui\libs\config\props\loadingPage.js", "JavaScript", 0, 0, 12, 0, 0, 0, 0, 0, 0, 0, 10, 1, 23
"d:\CodeArea\Other\NewsApp\news\uni_modules\uview-ui\libs\config\props\loadmore.js", "JavaScript", 0, 0, 19, 0, 0, 0, 0, 0, 0, 0, 10, 1, 30
"d:\CodeArea\Other\NewsApp\news\uni_modules\uview-ui\libs\config\props\modal.js", "JavaScript", 0, 0, 20, 0, 0, 0, 0, 0, 0, 0, 10, 1, 31
"d:\CodeArea\Other\NewsApp\news\uni_modules\uview-ui\libs\config\props\navbar.js", "JavaScript", 0, 0, 21, 0, 0, 0, 0, 0, 0, 0, 10, 2, 33
"d:\CodeArea\Other\NewsApp\news\uni_modules\uview-ui\libs\config\props\noNetwork.js", "JavaScript", 0, 0, 7, 0, 0, 0, 0, 0, 0, 0, 10, 2, 19
"d:\CodeArea\Other\NewsApp\news\uni_modules\uview-ui\libs\config\props\noticeBar.js", "JavaScript", 0, 0, 17, 0, 0, 0, 0, 0, 0, 0, 10, 1, 28
"d:\CodeArea\Other\NewsApp\news\uni_modules\uview-ui\libs\config\props\notify.js", "JavaScript", 0, 0, 12, 0, 0, 0, 0, 0, 0, 0, 10, 1, 23
"d:\CodeArea\Other\NewsApp\news\uni_modules\uview-ui\libs\config\props\numberBox.js", "JavaScript", 0, 0, 25, 0, 0, 0, 0, 0, 0, 0, 10, 1, 36
"d:\CodeArea\Other\NewsApp\news\uni_modules\uview-ui\libs\config\props\numberKeyboard.js", "JavaScript", 0, 0, 7, 0, 0, 0, 0, 0, 0, 0, 10, 1, 18
"d:\CodeArea\Other\NewsApp\news\uni_modules\uview-ui\libs\config\props\overlay.js", "JavaScript", 0, 0, 8, 0, 0, 0, 0, 0, 0, 0, 10, 1, 19
"d:\CodeArea\Other\NewsApp\news\uni_modules\uview-ui\libs\config\props\parse.js", "JavaScript", 0, 0, 12, 0, 0, 0, 0, 0, 0, 0, 10, 1, 23
"d:\CodeArea\Other\NewsApp\news\uni_modules\uview-ui\libs\config\props\picker.js", "JavaScript", 0, 0, 20, 0, 0, 0, 0, 0, 0, 0, 10, 1, 31
"d:\CodeArea\Other\NewsApp\news\uni_modules\uview-ui\libs\config\props\popup.js", "JavaScript", 0, 0, 19, 0, 0, 0, 0, 0, 0, 0, 10, 1, 30
"d:\CodeArea\Other\NewsApp\news\uni_modules\uview-ui\libs\config\props\radio.js", "JavaScript", 0, 0, 17, 0, 0, 0, 0, 0, 0, 0, 10, 1, 28
"d:\CodeArea\Other\NewsApp\news\uni_modules\uview-ui\libs\config\props\radioGroup.js", "JavaScript", 0, 0, 20, 0, 0, 0, 0, 0, 0, 0, 10, 1, 31
"d:\CodeArea\Other\NewsApp\news\uni_modules\uview-ui\libs\config\props\rate.js", "JavaScript", 0, 0, 16, 0, 0, 0, 0, 0, 0, 0, 10, 1, 27
"d:\CodeArea\Other\NewsApp\news\uni_modules\uview-ui\libs\config\props\readMore.js", "JavaScript", 0, 0, 12, 0, 0, 0, 0, 0, 0, 0, 10, 1, 23
"d:\CodeArea\Other\NewsApp\news\uni_modules\uview-ui\libs\config\props\row.js", "JavaScript", 0, 0, 7, 0, 0, 0, 0, 0, 0, 0, 10, 1, 18
"d:\CodeArea\Other\NewsApp\news\uni_modules\uview-ui\libs\config\props\rowNotice.js", "JavaScript", 0, 0, 11, 0, 0, 0, 0, 0, 0, 0, 10, 1, 22
"d:\CodeArea\Other\NewsApp\news\uni_modules\uview-ui\libs\config\props\scrollList.js", "JavaScript", 0, 0, 10, 0, 0, 0, 0, 0, 0, 0, 10, 1, 21
"d:\CodeArea\Other\NewsApp\news\uni_modules\uview-ui\libs\config\props\search.js", "JavaScript", 0, 0, 27, 0, 0, 0, 0, 0, 0, 0, 10, 1, 38
"d:\CodeArea\Other\NewsApp\news\uni_modules\uview-ui\libs\config\props\section.js", "JavaScript", 0, 0, 14, 0, 0, 0, 0, 0, 0, 0, 10, 1, 25
"d:\CodeArea\Other\NewsApp\news\uni_modules\uview-ui\libs\config\props\skeleton.js", "JavaScript", 0, 0, 15, 0, 0, 0, 0, 0, 0, 0, 10, 1, 26
"d:\CodeArea\Other\NewsApp\news\uni_modules\uview-ui\libs\config\props\slider.js", "JavaScript", 0, 0, 15, 0, 0, 0, 0, 0, 0, 0, 10, 1, 26
"d:\CodeArea\Other\NewsApp\news\uni_modules\uview-ui\libs\config\props\statusBar.js", "JavaScript", 0, 0, 5, 0, 0, 0, 0, 0, 0, 0, 10, 1, 16
"d:\CodeArea\Other\NewsApp\news\uni_modules\uview-ui\libs\config\props\steps.js", "JavaScript", 0, 0, 11, 0, 0, 0, 0, 0, 0, 0, 10, 1, 22
"d:\CodeArea\Other\NewsApp\news\uni_modules\uview-ui\libs\config\props\stepsItem.js", "JavaScript", 0, 0, 8, 0, 0, 0, 0, 0, 0, 0, 10, 1, 19
"d:\CodeArea\Other\NewsApp\news\uni_modules\uview-ui\libs\config\props\sticky.js", "JavaScript", 0, 0, 10, 0, 0, 0, 0, 0, 0, 0, 10, 1, 21
"d:\CodeArea\Other\NewsApp\news\uni_modules\uview-ui\libs\config\props\subsection.js", "JavaScript", 0, 0, 13, 0, 0, 0, 0, 0, 0, 0, 10, 1, 24
"d:\CodeArea\Other\NewsApp\news\uni_modules\uview-ui\libs\config\props\swipeAction.js", "JavaScript", 0, 0, 5, 0, 0, 0, 0, 0, 0, 0, 10, 1, 16
"d:\CodeArea\Other\NewsApp\news\uni_modules\uview-ui\libs\config\props\swipeActionItem.js", "JavaScript", 0, 0, 11, 0, 0, 0, 0, 0, 0, 0, 10, 1, 22
"d:\CodeArea\Other\NewsApp\news\uni_modules\uview-ui\libs\config\props\swiper.js", "JavaScript", 0, 0, 28, 0, 0, 0, 0, 0, 0, 0, 10, 2, 40
"d:\CodeArea\Other\NewsApp\news\uni_modules\uview-ui\libs\config\props\swipterIndicator.js", "JavaScript", 0, 0, 9, 0, 0, 0, 0, 0, 0, 0, 10, 1, 20
"d:\CodeArea\Other\NewsApp\news\uni_modules\uview-ui\libs\config\props\switch.js", "JavaScript", 0, 0, 14, 0, 0, 0, 0, 0, 0, 0, 10, 1, 25
"d:\CodeArea\Other\NewsApp\news\uni_modules\uview-ui\libs\config\props\tabbar.js", "JavaScript", 0, 0, 12, 0, 0, 0, 0, 0, 0, 0, 10, 1, 23
"d:\CodeArea\Other\NewsApp\news\uni_modules\uview-ui\libs\config\props\tabbarItem.js", "JavaScript", 0, 0, 10, 0, 0, 0, 0, 0, 0, 0, 10, 1, 21
"d:\CodeArea\Other\NewsApp\news\uni_modules\uview-ui\libs\config\props\tabs.js", "JavaScript", 0, 0, 21, 0, 0, 0, 0, 0, 0, 0, 10, 1, 32
"d:\CodeArea\Other\NewsApp\news\uni_modules\uview-ui\libs\config\props\tag.js", "JavaScript", 0, 0, 19, 0, 0, 0, 0, 0, 0, 0, 10, 1, 30
"d:\CodeArea\Other\NewsApp\news\uni_modules\uview-ui\libs\config\props\text.js", "JavaScript", 0, 0, 27, 0, 0, 0, 0, 0, 0, 0, 10, 2, 39
"d:\CodeArea\Other\NewsApp\news\uni_modules\uview-ui\libs\config\props\textarea.js", "JavaScript", 0, 0, 26, 0, 0, 0, 0, 0, 0, 0, 10, 1, 37
"d:\CodeArea\Other\NewsApp\news\uni_modules\uview-ui\libs\config\props\toast.js", "JavaScript", 0, 0, 19, 0, 0, 0, 0, 0, 0, 0, 10, 2, 31
"d:\CodeArea\Other\NewsApp\news\uni_modules\uview-ui\libs\config\props\toolbar.js", "JavaScript", 0, 0, 10, 0, 0, 0, 0, 0, 0, 0, 10, 2, 22
"d:\CodeArea\Other\NewsApp\news\uni_modules\uview-ui\libs\config\props\tooltip.js", "JavaScript", 0, 0, 15, 0, 0, 0, 0, 0, 0, 0, 10, 1, 26
"d:\CodeArea\Other\NewsApp\news\uni_modules\uview-ui\libs\config\props\transition.js", "JavaScript", 0, 0, 8, 0, 0, 0, 0, 0, 0, 0, 10, 1, 19
"d:\CodeArea\Other\NewsApp\news\uni_modules\uview-ui\libs\config\props\upload.js", "JavaScript", 0, 0, 26, 0, 0, 0, 0, 0, 0, 0, 10, 1, 37
"d:\CodeArea\Other\NewsApp\news\uni_modules\uview-ui\libs\config\zIndex.js", "JavaScript", 0, 0, 10, 0, 0, 0, 0, 0, 0, 0, 9, 2, 21
"d:\CodeArea\Other\NewsApp\news\uni_modules\uview-ui\libs\css\color.scss", "SCSS", 0, 0, 0, 0, 117, 0, 0, 0, 0, 0, 0, 39, 156
"d:\CodeArea\Other\NewsApp\news\uni_modules\uview-ui\libs\css\common.scss", "SCSS", 0, 0, 0, 0, 66, 0, 0, 0, 0, 0, 19, 13, 98
"d:\CodeArea\Other\NewsApp\news\uni_modules\uview-ui\libs\css\components.scss", "SCSS", 0, 0, 0, 0, 10, 0, 0, 0, 0, 0, 4, 2, 16
"d:\CodeArea\Other\NewsApp\news\uni_modules\uview-ui\libs\css\flex.scss", "SCSS", 0, 0, 0, 0, 149, 0, 0, 0, 0, 0, 56, 53, 258
"d:\CodeArea\Other\NewsApp\news\uni_modules\uview-ui\libs\css\h5.scss", "SCSS", 0, 0, 0, 0, 0, 0, 0, 0, 0, 0, 0, 1, 1
"d:\CodeArea\Other\NewsApp\news\uni_modules\uview-ui\libs\css\mixin.scss", "SCSS", 0, 0, 0, 0, 4, 0, 0, 0, 0, 0, 4, 1, 9
"d:\CodeArea\Other\NewsApp\news\uni_modules\uview-ui\libs\css\mp.scss", "SCSS", 0, 0, 0, 0, 0, 0, 0, 0, 0, 0, 0, 1, 1
"d:\CodeArea\Other\NewsApp\news\uni_modules\uview-ui\libs\css\nvue.scss", "SCSS", 0, 0, 0, 0, 0, 0, 0, 0, 0, 0, 0, 1, 1
"d:\CodeArea\Other\NewsApp\news\uni_modules\uview-ui\libs\css\vue.scss", "SCSS", 0, 0, 0, 0, 20, 0, 0, 0, 0, 0, 5, 2, 27
"d:\CodeArea\Other\NewsApp\news\uni_modules\uview-ui\libs\function\colorGradient.js", "JavaScript", 0, 0, 106, 0, 0, 0, 0, 0, 0, 0, 21, 8, 135
"d:\CodeArea\Other\NewsApp\news\uni_modules\uview-ui\libs\function\debounce.js", "JavaScript", 0, 0, 16, 0, 0, 0, 0, 0, 0, 0, 11, 3, 30
"d:\CodeArea\Other\NewsApp\news\uni_modules\uview-ui\libs\function\digit.js", "JavaScript", 0, 0, 89, 0, 0, 0, 0, 0, 0, 0, 56, 23, 168
"d:\CodeArea\Other\NewsApp\news\uni_modules\uview-ui\libs\function\index.js", "JavaScript", 0, 0, 454, 0, 0, 0, 0, 0, 0, 0, 212, 40, 706
"d:\CodeArea\Other\NewsApp\news\uni_modules\uview-ui\libs\function\platform.js", "JavaScript", 0, 0, 18, 0, 0, 0, 0, 0, 0, 0, 39, 19, 76
"d:\CodeArea\Other\NewsApp\news\uni_modules\uview-ui\libs\function\test.js", "JavaScript", 0, 0, 165, 0, 0, 0, 0, 0, 0, 0, 95, 29, 289
"d:\CodeArea\Other\NewsApp\news\uni_modules\uview-ui\libs\function\throttle.js", "JavaScript", 0, 0, 20, 0, 0, 0, 0, 0, 0, 0, 10, 1, 31
"d:\CodeArea\Other\NewsApp\news\uni_modules\uview-ui\libs\luch-request\adapters\index.js", "JavaScript", 0, 0, 68, 0, 0, 0, 0, 0, 0, 0, 28, 2, 98
"d:\CodeArea\Other\NewsApp\news\uni_modules\uview-ui\libs\luch-request\core\InterceptorManager.js", "JavaScript", 0, 0, 24, 0, 0, 0, 0, 0, 0, 0, 21, 6, 51
"d:\CodeArea\Other\NewsApp\news\uni_modules\uview-ui\libs\luch-request\core\Request.js", "JavaScript", 0, 0, 113, 0, 0, 0, 0, 0, 0, 0, 59, 27, 199
"d:\CodeArea\Other\NewsApp\news\uni_modules\uview-ui\libs\luch-request\core\buildFullPath.js", "JavaScript", 0, 0, 9, 0, 0, 0, 0, 0, 0, 0, 9, 3, 21
"d:\CodeArea\Other\NewsApp\news\uni_modules\uview-ui\libs\luch-request\core\defaults.js", "JavaScript", 0, 0, 15, 0, 0, 0, 0, 0, 0, 0, 13, 2, 30
"d:\CodeArea\Other\NewsApp\news\uni_modules\uview-ui\libs\luch-request\core\dispatchRequest.js", "JavaScript", 0, 0, 2, 0, 0, 0, 0, 0, 0, 0, 0, 2, 4
"d:\CodeArea\Other\NewsApp\news\uni_modules\uview-ui\libs\luch-request\core\mergeConfig.js", "JavaScript", 0, 0, 64, 0, 0, 0, 0, 0, 0, 0, 36, 4, 104
"d:\CodeArea\Other\NewsApp\news\uni_modules\uview-ui\libs\luch-request\core\settle.js", "JavaScript", 0, 0, 9, 0, 0, 0, 0, 0, 0, 0, 7, 1, 17
"d:\CodeArea\Other\NewsApp\news\uni_modules\uview-ui\libs\luch-request\helpers\buildURL.js", "JavaScript", 0, 0, 50, 0, 0, 0, 0, 0, 0, 0, 8, 12, 70
"d:\CodeArea\Other\NewsApp\news\uni_modules\uview-ui\libs\luch-request\helpers\combineURLs.js", "JavaScript", 0, 0, 6, 0, 0, 0, 0, 0, 0, 0, 7, 2, 15
"d:\CodeArea\Other\NewsApp\news\uni_modules\uview-ui\libs\luch-request\helpers\isAbsoluteURL.js", "JavaScript", 0, 0, 4, 0, 0, 0, 0, 0, 0, 0, 9, 2, 15
"d:\CodeArea\Other\NewsApp\news\uni_modules\uview-ui\libs\luch-request\index.d.ts", "TypeScript", 0, 0, 0, 0, 0, 0, 0, 0, 0, 89, 20, 8, 117
"d:\CodeArea\Other\NewsApp\news\uni_modules\uview-ui\libs\luch-request\index.js", "JavaScript", 0, 0, 2, 0, 0, 0, 0, 0, 0, 0, 0, 2, 4
"d:\CodeArea\Other\NewsApp\news\uni_modules\uview-ui\libs\luch-request\utils.js", "JavaScript", 0, 0, 58, 0, 0, 0, 0, 0, 0, 0, 60, 14, 132
"d:\CodeArea\Other\NewsApp\news\uni_modules\uview-ui\libs\luch-request\utils\clone.js", "JavaScript", 0, 0, 188, 0, 0, 0, 0, 0, 0, 0, 44, 33, 265
"d:\CodeArea\Other\NewsApp\news\uni_modules\uview-ui\libs\mixin\button.js", "JavaScript", 0, 0, 13, 0, 0, 0, 0, 0, 0, 0, 0, 1, 14
"d:\CodeArea\Other\NewsApp\news\uni_modules\uview-ui\libs\mixin\mixin.js", "JavaScript", 0, 0, 113, 0, 0, 0, 0, 0, 0, 0, 47, 1, 161
"d:\CodeArea\Other\NewsApp\news\uni_modules\uview-ui\libs\mixin\mpMixin.js", "JavaScript", 0, 0, 5, 0, 0, 0, 0, 0, 0, 0, 3, 1, 9
"d:\CodeArea\Other\NewsApp\news\uni_modules\uview-ui\libs\mixin\mpShare.js", "JavaScript", 0, 0, 12, 0, 0, 0, 0, 0, 0, 0, 1, 1, 14
"d:\CodeArea\Other\NewsApp\news\uni_modules\uview-ui\libs\mixin\openType.js", "JavaScript", 0, 0, 25, 0, 0, 0, 0, 0, 0, 0, 0, 1, 26
"d:\CodeArea\Other\NewsApp\news\uni_modules\uview-ui\libs\mixin\style.js", "JavaScript", 0, 0, 188, 0, 0, 0, 0, 0, 0, 0, 39, 2, 229
"d:\CodeArea\Other\NewsApp\news\uni_modules\uview-ui\libs\mixin\touch.js", "JavaScript", 0, 0, 57, 0, 0, 0, 0, 0, 0, 0, 0, 3, 60
"d:\CodeArea\Other\NewsApp\news\uni_modules\uview-ui\libs\util\async-validator.js", "JavaScript", 0, 0, 905, 0, 0, 0, 0, 0, 0, 0, 209, 230, 1344
"d:\CodeArea\Other\NewsApp\news\uni_modules\uview-ui\libs\util\calendar.js", "JavaScript", 0, 0, 324, 0, 0, 0, 0, 0, 0, 0, 184, 39, 547
"d:\CodeArea\Other\NewsApp\news\uni_modules\uview-ui\libs\util\dayjs.js", "JavaScript", 0, 0, 307, 0, 0, 0, 0, 0, 0, 0, 0, 2, 309
"d:\CodeArea\Other\NewsApp\news\uni_modules\uview-ui\libs\util\emitter.js", "JavaScript", 0, 0, 29, 0, 0, 0, 0, 0, 0, 0, 22, 1, 52
"d:\CodeArea\Other\NewsApp\news\uni_modules\uview-ui\libs\util\route.js", "JavaScript", 0, 0, 88, 0, 0, 0, 0, 0, 0, 0, 26, 11, 125
"d:\CodeArea\Other\NewsApp\news\uni_modules\uview-ui\package.json", "JSON", 0, 87, 0, 0, 0, 0, 0, 0, 0, 0, 0, 1, 88
"d:\CodeArea\Other\NewsApp\news\uni_modules\uview-ui\theme.scss", "SCSS", 0, 0, 0, 0, 31, 0, 0, 0, 0, 0, 6, 8, 45
"d:\CodeArea\Other\NewsApp\news\uni_modules\z-paging\changelog.md", "Markdown", 0, 0, 0, 16, 0, 0, 0, 0, 0, 0, 0, 1, 17
"d:\CodeArea\Other\NewsApp\news\uni_modules\z-paging\components\z-paging-empty-view\z-paging-empty-view.vue", "Vue", 133, 0, 0, 0, 0, 0, 0, 0, 0, 0, 19, 8, 160
"d:\CodeArea\Other\NewsApp\news\uni_modules\z-paging\components\z-paging-swiper-item\z-paging-swiper-item.vue", "Vue", 79, 0, 0, 0, 0, 0, 0, 0, 0, 0, 9, 4, 92
"d:\CodeArea\Other\NewsApp\news\uni_modules\z-paging\components\z-paging-swiper\z-paging-swiper.vue", "Vue", 126, 0, 0, 0, 0, 0, 0, 0, 0, 0, 19, 9, 154
"d:\CodeArea\Other\NewsApp\news\uni_modules\z-paging\components\z-paging\components\z-paging-load-more.vue", "Vue", 112, 0, 0, 0, 0, 0, 0, 0, 0, 0, 8, 16, 136
"d:\CodeArea\Other\NewsApp\news\uni_modules\z-paging\components\z-paging\components\z-paging-refresh.vue", "Vue", 219, 0, 0, 0, 0, 0, 0, 0, 0, 0, 36, 17, 272
"d:\CodeArea\Other\NewsApp\news\uni_modules\z-paging\components\z-paging\config\index.js", "JavaScript", 0, 0, 1, 0, 0, 0, 0, 0, 0, 0, 1, 1, 3
"d:\CodeArea\Other\NewsApp\news\uni_modules\z-paging\components\z-paging\css\z-paging-main.css", "CSS", 0, 0, 0, 0, 0, 0, 0, 134, 0, 0, 33, 25, 192
"d:\CodeArea\Other\NewsApp\news\uni_modules\z-paging\components\z-paging\css\z-paging-static.css", "CSS", 0, 0, 0, 0, 0, 0, 0, 25, 0, 0, 3, 5, 33
"d:\CodeArea\Other\NewsApp\news\uni_modules\z-paging\components\z-paging\js\modules\back-to-top.js", "JavaScript", 0, 0, 96, 0, 0, 0, 0, 0, 0, 0, 10, 3, 109
"d:\CodeArea\Other\NewsApp\news\uni_modules\z-paging\components\z-paging\js\modules\data-handle.js", "JavaScript", 0, 0, 601, 0, 0, 0, 0, 0, 0, 0, 93, 4, 698
"d:\CodeArea\Other\NewsApp\news\uni_modules\z-paging\components\z-paging\js\modules\empty.js", "JavaScript", 0, 0, 128, 0, 0, 0, 0, 0, 0, 0, 20, 3, 151
"d:\CodeArea\Other\NewsApp\news\uni_modules\z-paging\components\z-paging\js\modules\i18n.js", "JavaScript", 0, 0, 90, 0, 0, 0, 0, 0, 0, 0, 6, 3, 99
"d:\CodeArea\Other\NewsApp\news\uni_modules\z-paging\components\z-paging\js\modules\load-more.js", "JavaScript", 0, 0, 269, 0, 0, 0, 0, 0, 0, 0, 34, 3, 306
"d:\CodeArea\Other\NewsApp\news\uni_modules\z-paging\components\z-paging\js\modules\nvue.js", "JavaScript", 0, 0, 178, 0, 0, 0, 0, 0, 0, 0, 21, 3, 202
"d:\CodeArea\Other\NewsApp\news\uni_modules\z-paging\components\z-paging\js\modules\refresher.js", "JavaScript", 0, 0, 492, 0, 0, 0, 0, 0, 0, 0, 94, 4, 590
"d:\CodeArea\Other\NewsApp\news\uni_modules\z-paging\components\z-paging\js\modules\scroller.js", "JavaScript", 0, 0, 356, 0, 0, 0, 0, 0, 0, 0, 46, 6, 408
"d:\CodeArea\Other\NewsApp\news\uni_modules\z-paging\components\z-paging\js\z-paging-config.js", "JavaScript", 0, 0, 21, 0, 0, 0, 0, 0, 0, 0, 1, 5, 27
"d:\CodeArea\Other\NewsApp\news\uni_modules\z-paging\components\z-paging\js\z-paging-constant.js", "JavaScript", 0, 0, 12, 0, 0, 0, 0, 0, 0, 0, 1, 2, 15
"d:\CodeArea\Other\NewsApp\news\uni_modules\z-paging\components\z-paging\js\z-paging-enum.js", "JavaScript", 0, 0, 25, 0, 0, 0, 0, 0, 0, 0, 5, 3, 33
"d:\CodeArea\Other\NewsApp\news\uni_modules\z-paging\components\z-paging\js\z-paging-i18n.js", "JavaScript", 0, 0, 121, 0, 0, 0, 0, 0, 0, 0, 5, 9, 135
"d:\CodeArea\Other\NewsApp\news\uni_modules\z-paging\components\z-paging\js\z-paging-main.js", "JavaScript", 0, 0, 521, 0, 0, 0, 0, 0, 0, 0, 73, 11, 605
"d:\CodeArea\Other\NewsApp\news\uni_modules\z-paging\components\z-paging\js\z-paging-mixin.js", "JavaScript", 0, 0, 23, 0, 0, 0, 0, 0, 0, 0, 1, 3, 27
"d:\CodeArea\Other\NewsApp\news\uni_modules\z-paging\components\z-paging\js\z-paging-static.js", "JavaScript", 0, 0, 20, 0, 0, 0, 0, 0, 0, 0, 1, 3, 24
"d:\CodeArea\Other\NewsApp\news\uni_modules\z-paging\components\z-paging\js\z-paging-utils.js", "JavaScript", 0, 0, 192, 0, 0, 0, 0, 0, 0, 0, 20, 23, 235
"d:\CodeArea\Other\NewsApp\news\uni_modules\z-paging\components\z-paging\wxs\z-paging-renderjs.js", "JavaScript", 0, 0, 47, 0, 0, 0, 0, 0, 0, 0, 4, 3, 54
"d:\CodeArea\Other\NewsApp\news\uni_modules\z-paging\components\z-paging\wxs\z-paging-wxs.wxs", "XML", 0, 0, 0, 0, 0, 0, 0, 0, 301, 0, 0, 23, 324
"d:\CodeArea\Other\NewsApp\news\uni_modules\z-paging\components\z-paging\z-paging.vue", "Vue", 231, 0, 0, 0, 0, 0, 0, 0, 0, 0, 141, 3, 375
"d:\CodeArea\Other\NewsApp\news\uni_modules\z-paging\package.json", "JSON", 0, 85, 0, 0, 0, 0, 0, 0, 0, 0, 0, 0, 85
"d:\CodeArea\Other\NewsApp\news\uni_modules\z-paging\readme.md", "Markdown", 0, 0, 0, 29, 0, 0, 0, 0, 0, 0, 0, 14, 43
"d:\CodeArea\Other\NewsApp\news\uni_modules\z-paging\z-paging-config.js", "JavaScript", 0, 0, 4, 0, 0, 0, 0, 0, 0, 0, 3, 1, 8
"d:\CodeArea\Other\NewsApp\news\uview-ui\README.md", "Markdown", 0, 0, 0, 76, 0, 0, 0, 0, 0, 0, 7, 24, 107
"d:\CodeArea\Other\NewsApp\news\uview-ui\components\u-action-sheet\u-action-sheet.vue", "Vue", 141, 0, 0, 0, 0, 0, 0, 0, 0, 0, 42, 8, 191
"d:\CodeArea\Other\NewsApp\news\uview-ui\components\u-alert-tips\u-alert-tips.vue", "Vue", 199, 0, 0, 0, 0, 0, 0, 0, 0, 0, 37, 21, 257
"d:\CodeArea\Other\NewsApp\news\uview-ui\components\u-avatar-cropper\u-avatar-cropper.vue", "Vue", 231, 0, 0, 0, 0, 0, 0, 0, 0, 0, 46, 14, 291
"d:\CodeArea\Other\NewsApp\news\uview-ui\components\u-avatar-cropper\weCropper.js", "JavaScript", 0, 0, 928, 0, 0, 0, 0, 0, 0, 0, 180, 158, 1266
"d:\CodeArea\Other\NewsApp\news\uview-ui\components\u-avatar\u-avatar.vue", "Vue", 193, 0, 0, 0, 0, 0, 0, 0, 0, 0, 42, 10, 245
"d:\CodeArea\Other\NewsApp\news\uview-ui\components\u-back-top\u-back-top.vue", "Vue", 131, 0, 0, 0, 0, 0, 0, 0, 0, 0, 17, 6, 154
"d:\CodeArea\Other\NewsApp\news\uview-ui\components\u-badge\u-badge.vue", "Vue", 143, 0, 0, 0, 0, 0, 0, 0, 0, 0, 57, 16, 216
"d:\CodeArea\Other\NewsApp\news\uview-ui\components\u-button\u-button.vue", "Vue", 458, 0, 0, 0, 0, 0, 0, 0, 0, 0, 99, 40, 597
"d:\CodeArea\Other\NewsApp\news\uview-ui\components\u-calendar\u-calendar.vue", "Vue", 547, 0, 0, 0, 0, 0, 0, 0, 0, 0, 69, 23, 639
"d:\CodeArea\Other\NewsApp\news\uview-ui\components\u-car-keyboard\u-car-keyboard.vue", "Vue", 234, 0, 0, 0, 0, 0, 0, 0, 0, 0, 10, 14, 258
"d:\CodeArea\Other\NewsApp\news\uview-ui\components\u-card\u-card.vue", "Vue", 232, 0, 0, 0, 0, 0, 0, 0, 0, 0, 56, 12, 300
"d:\CodeArea\Other\NewsApp\news\uview-ui\components\u-cell-group\u-cell-group.vue", "Vue", 52, 0, 0, 0, 0, 0, 0, 0, 0, 0, 13, 6, 71
"d:\CodeArea\Other\NewsApp\news\uview-ui\components\u-cell-item\u-cell-item.vue", "Vue", 236, 0, 0, 0, 0, 0, 0, 0, 0, 0, 63, 18, 317
"d:\CodeArea\Other\NewsApp\news\uview-ui\components\u-checkbox-group\u-checkbox-group.vue", "Vue", 80, 0, 0, 0, 0, 0, 0, 0, 0, 0, 40, 4, 124
"d:\CodeArea\Other\NewsApp\news\uview-ui\components\u-checkbox\u-checkbox.vue", "Vue", 216, 0, 0, 0, 0, 0, 0, 0, 0, 0, 56, 13, 285
"d:\CodeArea\Other\NewsApp\news\uview-ui\components\u-circle-progress\u-circle-progress.vue", "Vue", 168, 0, 0, 0, 0, 0, 0, 0, 0, 0, 48, 5, 221
"d:\CodeArea\Other\NewsApp\news\uview-ui\components\u-circle-progress\u-line-progress\u-line-progress.vue", "Vue", 112, 0, 0, 0, 0, 0, 0, 0, 0, 0, 25, 11, 148
"d:\CodeArea\Other\NewsApp\news\uview-ui\components\u-col\u-col.vue", "Vue", 122, 0, 0, 0, 0, 0, 0, 0, 0, 0, 18, 17, 157
"d:\CodeArea\Other\NewsApp\news\uview-ui\components\u-collapse-item\u-collapse-item.vue", "Vue", 164, 0, 0, 0, 0, 0, 0, 0, 0, 0, 31, 11, 206
"d:\CodeArea\Other\NewsApp\news\uview-ui\components\u-collapse\u-collapse.vue", "Vue", 73, 0, 0, 0, 0, 0, 0, 0, 0, 0, 23, 4, 100
"d:\CodeArea\Other\NewsApp\news\uview-ui\components\u-column-notice\u-column-notice.vue", "Vue", 196, 0, 0, 0, 0, 0, 0, 0, 0, 0, 33, 9, 238
"d:\CodeArea\Other\NewsApp\news\uview-ui\components\u-count-down\u-count-down.vue", "Vue", 251, 0, 0, 0, 0, 0, 0, 0, 0, 0, 60, 8, 319
"d:\CodeArea\Other\NewsApp\news\uview-ui\components\u-count-to\u-count-to.vue", "Vue", 199, 0, 0, 0, 0, 0, 0, 0, 0, 0, 38, 5, 242
"d:\CodeArea\Other\NewsApp\news\uview-ui\components\u-divider\u-divider.vue", "Vue", 114, 0, 0, 0, 0, 0, 0, 0, 0, 0, 30, 10, 154
"d:\CodeArea\Other\NewsApp\news\uview-ui\components\u-dropdown-item\u-dropdown-item.vue", "Vue", 100, 0, 0, 0, 0, 0, 0, 0, 0, 0, 30, 3, 133
"d:\CodeArea\Other\NewsApp\news\uview-ui\components\u-dropdown\u-dropdown.vue", "Vue", 223, 0, 0, 0, 0, 0, 0, 0, 0, 0, 62, 14, 299
"d:\CodeArea\Other\NewsApp\news\uview-ui\components\u-empty\u-empty.vue", "Vue", 116, 0, 0, 0, 0, 0, 0, 0, 0, 0, 71, 7, 194
"d:\CodeArea\Other\NewsApp\news\uview-ui\components\u-field\u-field.vue", "Vue", 304, 0, 0, 0, 0, 0, 0, 0, 0, 0, 60, 21, 385
"d:\CodeArea\Other\NewsApp\news\uview-ui\components\u-form-item\u-form-item.vue", "Vue", 313, 0, 0, 0, 0, 0, 0, 0, 0, 0, 92, 27, 432
"d:\CodeArea\Other\NewsApp\news\uview-ui\components\u-form\u-form.vue", "Vue", 92, 0, 0, 0, 0, 0, 0, 0, 0, 0, 39, 4, 135
"d:\CodeArea\Other\NewsApp\news\uview-ui\components\u-full-screen\u-full-screen.vue", "Vue", 48, 0, 0, 0, 0, 0, 0, 0, 0, 0, 0, 5, 53
"d:\CodeArea\Other\NewsApp\news\uview-ui\components\u-gap\u-gap.vue", "Vue", 39, 0, 0, 0, 0, 0, 0, 0, 0, 0, 13, 3, 55
"d:\CodeArea\Other\NewsApp\news\uview-ui\components\u-grid-item\u-grid-item.vue", "Vue", 96, 0, 0, 0, 0, 0, 0, 0, 0, 0, 22, 9, 127
"d:\CodeArea\Other\NewsApp\news\uview-ui\components\u-grid\u-grid.vue", "Vue", 81, 0, 0, 0, 0, 0, 0, 0, 0, 0, 23, 5, 109
"d:\CodeArea\Other\NewsApp\news\uview-ui\components\u-icon\u-icon.vue", "Vue", 247, 0, 0, 0, 0, 0, 0, 0, 0, 0, 72, 18, 337
"d:\CodeArea\Other\NewsApp\news\uview-ui\components\u-image\u-image.vue", "Vue", 200, 0, 0, 0, 0, 0, 0, 0, 0, 0, 62, 6, 268
"d:\CodeArea\Other\NewsApp\news\uview-ui\components\u-index-anchor\u-index-anchor.vue", "Vue", 75, 0, 0, 0, 0, 0, 0, 0, 0, 0, 10, 5, 90
"d:\CodeArea\Other\NewsApp\news\uview-ui\components\u-index-list\u-index-list.vue", "Vue", 287, 0, 0, 0, 0, 0, 0, 0, 0, 0, 20, 9, 316
"d:\CodeArea\Other\NewsApp\news\uview-ui\components\u-input\u-input.vue", "Vue", 300, 0, 0, 0, 0, 0, 0, 0, 0, 0, 75, 13, 388
"d:\CodeArea\Other\NewsApp\news\uview-ui\components\u-keyboard\u-keyboard.vue", "Vue", 156, 0, 0, 0, 0, 0, 0, 0, 0, 0, 52, 10, 218
"d:\CodeArea\Other\NewsApp\news\uview-ui\components\u-lazy-load\u-lazy-load.vue", "Vue", 173, 0, 0, 0, 0, 0, 0, 0, 0, 0, 67, 5, 245
"d:\CodeArea\Other\NewsApp\news\uview-ui\components\u-line-progress\u-line-progress.vue", "Vue", 112, 0, 0, 0, 0, 0, 0, 0, 0, 0, 25, 11, 148
"d:\CodeArea\Other\NewsApp\news\uview-ui\components\u-line\u-line.vue", "Vue", 60, 0, 0, 0, 0, 0, 0, 0, 0, 0, 20, 5, 85
"d:\CodeArea\Other\NewsApp\news\uview-ui\components\u-link\u-link.vue", "Vue", 62, 0, 0, 0, 0, 0, 0, 0, 0, 0, 24, 4, 90
"d:\CodeArea\Other\NewsApp\news\uview-ui\components\u-loading-page\u-loading-page.vue", "Vue", 18, 0, 0, 0, 0, 0, 0, 0, 0, 0, 0, 8, 26
"d:\CodeArea\Other\NewsApp\news\uview-ui\components\u-loading\u-loading.vue", "Vue", 78, 0, 0, 0, 0, 0, 0, 0, 0, 0, 17, 9, 104
"d:\CodeArea\Other\NewsApp\news\uview-ui\components\u-loadmore\u-loadmore.vue", "Vue", 153, 0, 0, 0, 0, 0, 0, 0, 0, 0, 41, 10, 204
"d:\CodeArea\Other\NewsApp\news\uview-ui\components\u-mask\u-mask.vue", "Vue", 96, 0, 0, 0, 0, 0, 0, 0, 0, 0, 22, 6, 124
"d:\CodeArea\Other\NewsApp\news\uview-ui\components\u-message-input\u-message-input.vue", "Vue", 243, 0, 0, 0, 0, 0, 0, 0, 0, 0, 48, 21, 312
"d:\CodeArea\Other\NewsApp\news\uview-ui\components\u-modal\u-modal.vue", "Vue", 218, 0, 0, 0, 0, 0, 0, 0, 0, 0, 57, 9, 284
"d:\CodeArea\Other\NewsApp\news\uview-ui\components\u-navbar\u-navbar.vue", "Vue", 235, 0, 0, 0, 0, 0, 0, 0, 0, 0, 67, 14, 316
"d:\CodeArea\Other\NewsApp\news\uview-ui\components\u-no-network\u-no-network.vue", "Vue", 207, 0, 0, 0, 0, 0, 0, 0, 0, 0, 16, 11, 234
"d:\CodeArea\Other\NewsApp\news\uview-ui\components\u-notice-bar\u-notice-bar.vue", "Vue", 203, 0, 0, 0, 0, 0, 0, 0, 0, 0, 59, 11, 273
"d:\CodeArea\Other\NewsApp\news\uview-ui\components\u-number-box\u-number-box.vue", "Vue", 283, 0, 0, 0, 0, 0, 0, 0, 0, 0, 71, 10, 364
"d:\CodeArea\Other\NewsApp\news\uview-ui\components\u-number-keyboard\u-number-keyboard.vue", "Vue", 141, 0, 0, 0, 0, 0, 0, 0, 0, 0, 9, 9, 159
"d:\CodeArea\Other\NewsApp\news\uview-ui\components\u-parse\libs\CssHandler.js", "JavaScript", 0, 0, 97, 0, 0, 0, 0, 0, 0, 0, 1, 3, 101
"d:\CodeArea\Other\NewsApp\news\uview-ui\components\u-parse\libs\MpHtmlParser.js", "JavaScript", 0, 0, 547, 0, 0, 0, 0, 0, 0, 0, 32, 2, 581
"d:\CodeArea\Other\NewsApp\news\uview-ui\components\u-parse\libs\config.js", "JavaScript", 0, 0, 60, 0, 0, 0, 0, 0, 0, 0, 16, 5, 81
"d:\CodeArea\Other\NewsApp\news\uview-ui\components\u-parse\libs\handler.wxs", "XML", 0, 0, 0, 0, 0, 0, 0, 0, 22, 0, 0, 1, 23
"d:\CodeArea\Other\NewsApp\news\uview-ui\components\u-parse\libs\trees.vue", "Vue", 426, 0, 0, 0, 0, 0, 0, 0, 0, 0, 42, 38, 506
"d:\CodeArea\Other\NewsApp\news\uview-ui\components\u-parse\u-parse.vue", "Vue", 521, 0, 0, 0, 0, 0, 0, 0, 0, 0, 119, 6, 646
"d:\CodeArea\Other\NewsApp\news\uview-ui\components\u-picker\u-picker.vue", "Vue", 570, 0, 0, 0, 0, 0, 0, 0, 0, 0, 91, 16, 677
"d:\CodeArea\Other\NewsApp\news\uview-ui\components\u-popup\u-popup.vue", "Vue", 356, 0, 0, 0, 0, 0, 0, 0, 0, 0, 81, 20, 457
"d:\CodeArea\Other\NewsApp\news\uview-ui\components\u-radio-group\u-radio-group.vue", "Vue", 86, 0, 0, 0, 0, 0, 0, 0, 0, 0, 39, 4, 129
"d:\CodeArea\Other\NewsApp\news\uview-ui\components\u-radio\u-radio.vue", "Vue", 209, 0, 0, 0, 0, 0, 0, 0, 0, 0, 50, 13, 272
"d:\CodeArea\Other\NewsApp\news\uview-ui\components\u-rate\u-rate.vue", "Vue", 213, 0, 0, 0, 0, 0, 0, 0, 0, 0, 56, 7, 276
"d:\CodeArea\Other\NewsApp\news\uview-ui\components\u-read-more\u-read-more.vue", "Vue", 145, 0, 0, 0, 0, 0, 0, 0, 0, 0, 27, 8, 180
"d:\CodeArea\Other\NewsApp\news\uview-ui\components\u-row-notice\u-row-notice.vue", "Vue", 231, 0, 0, 0, 0, 0, 0, 0, 0, 0, 28, 11, 270
"d:\CodeArea\Other\NewsApp\news\uview-ui\components\u-row\u-row.vue", "Vue", 62, 0, 0, 0, 0, 0, 0, 0, 0, 0, 18, 5, 85
"d:\CodeArea\Other\NewsApp\news\uview-ui\components\u-search\u-search.vue", "Vue", 259, 0, 0, 0, 0, 0, 0, 0, 0, 0, 73, 11, 343
"d:\CodeArea\Other\NewsApp\news\uview-ui\components\u-section\u-section.vue", "Vue", 119, 0, 0, 0, 0, 0, 0, 0, 0, 0, 27, 9, 155
"d:\CodeArea\Other\NewsApp\news\uview-ui\components\u-select\u-select.vue", "Vue", 321, 0, 0, 0, 0, 0, 0, 0, 0, 0, 82, 15, 418
"d:\CodeArea\Other\NewsApp\news\uview-ui\components\u-skeleton\u-skeleton.vue", "Vue", 147, 0, 0, 0, 0, 0, 0, 0, 0, 0, 46, 7, 200
"d:\CodeArea\Other\NewsApp\news\uview-ui\components\u-slider\u-slider.vue", "Vue", 199, 0, 0, 0, 0, 0, 0, 0, 0, 0, 50, 9, 258
"d:\CodeArea\Other\NewsApp\news\uview-ui\components\u-steps\u-steps.vue", "Vue", 162, 0, 0, 0, 0, 0, 0, 0, 0, 0, 21, 18, 201
"d:\CodeArea\Other\NewsApp\news\uview-ui\components\u-sticky\u-sticky.vue", "Vue", 129, 0, 0, 0, 0, 0, 0, 0, 0, 0, 24, 5, 158
"d:\CodeArea\Other\NewsApp\news\uview-ui\components\u-subsection\u-subsection.vue", "Vue", 288, 0, 0, 0, 0, 0, 0, 0, 0, 0, 58, 10, 356
"d:\CodeArea\Other\NewsApp\news\uview-ui\components\u-swipe-action\u-swipe-action.vue", "Vue", 206, 0, 0, 0, 0, 0, 0, 0, 0, 0, 42, 8, 256
"d:\CodeArea\Other\NewsApp\news\uview-ui\components\u-swiper\u-swiper.vue", "Vue", 271, 0, 0, 0, 0, 0, 0, 0, 0, 0, 53, 17, 341
"d:\CodeArea\Other\NewsApp\news\uview-ui\components\u-switch\u-switch.vue", "Vue", 127, 0, 0, 0, 0, 0, 0, 0, 0, 0, 27, 10, 164
"d:\CodeArea\Other\NewsApp\news\uview-ui\components\u-tabbar\u-tabbar.vue", "Vue", 271, 0, 0, 0, 0, 0, 0, 0, 0, 0, 47, 13, 331
"d:\CodeArea\Other\NewsApp\news\uview-ui\components\u-table\u-table.vue", "Vue", 61, 0, 0, 0, 0, 0, 0, 0, 0, 0, 20, 4, 85
"d:\CodeArea\Other\NewsApp\news\uview-ui\components\u-tabs-swiper\u-tabs-swiper.vue", "Vue", 385, 0, 0, 0, 0, 0, 0, 0, 0, 0, 84, 20, 489
"d:\CodeArea\Other\NewsApp\news\uview-ui\components\u-tabs\u-tabs.vue", "Vue", 270, 0, 0, 0, 0, 0, 0, 0, 0, 0, 89, 11, 370
"d:\CodeArea\Other\NewsApp\news\uview-ui\components\u-tag\u-tag.vue", "Vue", 223, 0, 0, 0, 0, 0, 0, 0, 0, 0, 44, 28, 295
"d:\CodeArea\Other\NewsApp\news\uview-ui\components\u-td\u-td.vue", "Vue", 53, 0, 0, 0, 0, 0, 0, 0, 0, 0, 9, 5, 67
"d:\CodeArea\Other\NewsApp\news\uview-ui\components\u-th\u-th.vue", "Vue", 50, 0, 0, 0, 0, 0, 0, 0, 0, 0, 9, 4, 63
"d:\CodeArea\Other\NewsApp\news\uview-ui\components\u-time-line-item\u-time-line-item.vue", "Vue", 67, 0, 0, 0, 0, 0, 0, 0, 0, 0, 10, 7, 84
"d:\CodeArea\Other\NewsApp\news\uview-ui\components\u-time-line\u-time-line.vue", "Vue", 32, 0, 0, 0, 0, 0, 0, 0, 0, 0, 6, 6, 44
"d:\CodeArea\Other\NewsApp\news\uview-ui\components\u-toast\u-toast.vue", "Vue", 176, 0, 0, 0, 0, 0, 0, 0, 0, 0, 30, 15, 221
"d:\CodeArea\Other\NewsApp\news\uview-ui\components\u-top-tips\u-top-tips.vue", "Vue", 92, 0, 0, 0, 0, 0, 0, 0, 0, 0, 19, 11, 122
"d:\CodeArea\Other\NewsApp\news\uview-ui\components\u-tr\u-tr.vue", "Vue", 16, 0, 0, 0, 0, 0, 0, 0, 0, 0, 6, 4, 26
"d:\CodeArea\Other\NewsApp\news\uview-ui\components\u-upload\u-upload.vue", "Vue", 507, 0, 0, 0, 0, 0, 0, 0, 0, 0, 133, 15, 655
"d:\CodeArea\Other\NewsApp\news\uview-ui\components\u-verification-code\u-verification-code.vue", "Vue", 123, 0, 0, 0, 0, 0, 0, 0, 0, 0, 38, 4, 165
"d:\CodeArea\Other\NewsApp\news\uview-ui\components\u-waterfall\u-waterfall.vue", "Vue", 132, 0, 0, 0, 0, 0, 0, 0, 0, 0, 39, 6, 177
"d:\CodeArea\Other\NewsApp\news\uview-ui\components\uview-v1\uview-v1.vue", "Vue", 0, 0, 0, 0, 0, 0, 0, 0, 0, 0, 0, 1, 1
"d:\CodeArea\Other\NewsApp\news\uview-ui\iconfont.css", "CSS", 0, 0, 0, 0, 0, 0, 0, 680, 0, 0, 8, 223, 911
"d:\CodeArea\Other\NewsApp\news\uview-ui\index.js", "JavaScript", 0, 0, 87, 0, 0, 0, 0, 0, 0, 0, 44, 10, 141
"d:\CodeArea\Other\NewsApp\news\uview-ui\index.scss", "SCSS", 0, 0, 0, 0, 6, 0, 0, 0, 0, 0, 13, 4, 23
"d:\CodeArea\Other\NewsApp\news\uview-ui\libs\config\config.js", "JavaScript", 0, 0, 12, 0, 0, 0, 0, 0, 0, 0, 2, 1, 15
"d:\CodeArea\Other\NewsApp\news\uview-ui\libs\config\zIndex.js", "JavaScript", 0, 0, 10, 0, 0, 0, 0, 0, 0, 0, 9, 1, 20
"d:\CodeArea\Other\NewsApp\news\uview-ui\libs\css\color.scss", "SCSS", 0, 0, 0, 0, 117, 0, 0, 0, 0, 0, 0, 39, 156
"d:\CodeArea\Other\NewsApp\news\uview-ui\libs\css\common.scss", "SCSS", 0, 0, 0, 0, 121, 0, 0, 0, 0, 0, 22, 33, 176
"d:\CodeArea\Other\NewsApp\news\uview-ui\libs\css\style.components.scss", "SCSS", 0, 0, 0, 0, 4, 0, 0, 0, 0, 0, 3, 0, 7
"d:\CodeArea\Other\NewsApp\news\uview-ui\libs\css\style.h5.scss", "SCSS", 0, 0, 0, 0, 7, 0, 0, 0, 0, 0, 1, 1, 9
"d:\CodeArea\Other\NewsApp\news\uview-ui\libs\css\style.mp.scss", "SCSS", 0, 0, 0, 0, 42, 0, 0, 0, 0, 0, 15, 16, 73
"d:\CodeArea\Other\NewsApp\news\uview-ui\libs\css\style.nvue.scss", "SCSS", 0, 0, 0, 0, 3, 0, 0, 0, 0, 0, 0, 0, 3
"d:\CodeArea\Other\NewsApp\news\uview-ui\libs\css\style.vue.scss", "SCSS", 0, 0, 0, 0, 119, 0, 0, 0, 0, 0, 28, 29, 176
"d:\CodeArea\Other\NewsApp\news\uview-ui\libs\function\$parent.js", "JavaScript", 0, 0, 11, 0, 0, 0, 0, 0, 0, 0, 7, 0, 18
"d:\CodeArea\Other\NewsApp\news\uview-ui\libs\function\addUnit.js", "JavaScript", 0, 0, 5, 0, 0, 0, 0, 0, 0, 0, 2, 1, 8
"d:\CodeArea\Other\NewsApp\news\uview-ui\libs\function\bem.js", "JavaScript", 0, 0, 3, 0, 0, 0, 0, 0, 0, 0, 0, 3, 6
"d:\CodeArea\Other\NewsApp\news\uview-ui\libs\function\color.js", "JavaScript", 0, 0, 29, 0, 0, 0, 0, 0, 0, 0, 2, 6, 37
"d:\CodeArea\Other\NewsApp\news\uview-ui\libs\function\colorGradient.js", "JavaScript", 0, 0, 108, 0, 0, 0, 0, 0, 0, 0, 19, 7, 134
"d:\CodeArea\Other\NewsApp\news\uview-ui\libs\function\debounce.js", "JavaScript", 0, 0, 16, 0, 0, 0, 0, 0, 0, 0, 11, 3, 30
"d:\CodeArea\Other\NewsApp\news\uview-ui\libs\function\deepClone.js", "JavaScript", 0, 0, 17, 0, 0, 0, 0, 0, 0, 0, 4, 3, 24
"d:\CodeArea\Other\NewsApp\news\uview-ui\libs\function\deepMerge.js", "JavaScript", 0, 0, 27, 0, 0, 0, 0, 0, 0, 0, 1, 2, 30
"d:\CodeArea\Other\NewsApp\news\uview-ui\libs\function\getParent.js", "JavaScript", 0, 0, 35, 0, 0, 0, 0, 0, 0, 0, 11, 1, 47
"d:\CodeArea\Other\NewsApp\news\uview-ui\libs\function\guid.js", "JavaScript", 0, 0, 25, 0, 0, 0, 0, 0, 0, 0, 13, 4, 42
"d:\CodeArea\Other\NewsApp\news\uview-ui\libs\function\md5.js", "JavaScript", 0, 0, 280, 0, 0, 0, 0, 0, 0, 0, 72, 33, 385
"d:\CodeArea\Other\NewsApp\news\uview-ui\libs\function\queryParams.js", "JavaScript", 0, 0, 45, 0, 0, 0, 0, 0, 0, 0, 12, 2, 59
"d:\CodeArea\Other\NewsApp\news\uview-ui\libs\function\random.js", "JavaScript", 0, 0, 9, 0, 0, 0, 0, 0, 0, 0, 0, 2, 11
"d:\CodeArea\Other\NewsApp\news\uview-ui\libs\function\randomArray.js", "JavaScript", 0, 0, 4, 0, 0, 0, 0, 0, 0, 0, 2, 2, 8
"d:\CodeArea\Other\NewsApp\news\uview-ui\libs\function\route.js", "JavaScript", 0, 0, 88, 0, 0, 0, 0, 0, 0, 0, 25, 9, 122
"d:\CodeArea\Other\NewsApp\news\uview-ui\libs\function\sys.js", "JavaScript", 0, 0, 6, 0, 0, 0, 0, 0, 0, 0, 0, 4, 10
"d:\CodeArea\Other\NewsApp\news\uview-ui\libs\function\test.js", "JavaScript", 0, 0, 138, 0, 0, 0, 0, 0, 0, 0, 70, 25, 233
"d:\CodeArea\Other\NewsApp\news\uview-ui\libs\function\throttle.js", "JavaScript", 0, 0, 21, 0, 0, 0, 0, 0, 0, 0, 10, 2, 33
"d:\CodeArea\Other\NewsApp\news\uview-ui\libs\function\timeFormat.js", "JavaScript", 0, 0, 39, 0, 0, 0, 0, 0, 0, 0, 9, 4, 52
"d:\CodeArea\Other\NewsApp\news\uview-ui\libs\function\timeFrom.js", "JavaScript", 0, 0, 34, 0, 0, 0, 0, 0, 0, 0, 10, 4, 48
"d:\CodeArea\Other\NewsApp\news\uview-ui\libs\function\toast.js", "JavaScript", 0, 0, 8, 0, 0, 0, 0, 0, 0, 0, 0, 2, 10
"d:\CodeArea\Other\NewsApp\news\uview-ui\libs\function\trim.js", "JavaScript", 0, 0, 14, 0, 0, 0, 0, 0, 0, 0, 0, 2, 16
"d:\CodeArea\Other\NewsApp\news\uview-ui\libs\function\type2icon.js", "JavaScript", 0, 0, 26, 0, 0, 0, 0, 0, 0, 0, 8, 2, 36
"d:\CodeArea\Other\NewsApp\news\uview-ui\libs\mixin\mixin.js", "JavaScript", 0, 0, 50, 0, 0, 0, 0, 0, 0, 0, 14, 1, 65
"d:\CodeArea\Other\NewsApp\news\uview-ui\libs\mixin\mpShare.js", "JavaScript", 0, 0, 15, 0, 0, 0, 0, 0, 0, 0, 3, 1, 19
"d:\CodeArea\Other\NewsApp\news\uview-ui\libs\request\index.js", "JavaScript", 0, 0, 121, 0, 0, 0, 0, 0, 0, 0, 38, 11, 170
"d:\CodeArea\Other\NewsApp\news\uview-ui\libs\store\index.js", "JavaScript", 0, 0, 17, 0, 0, 0, 0, 0, 0, 0, 1, 1, 19
"d:\CodeArea\Other\NewsApp\news\uview-ui\libs\util\area.js", "JavaScript", 0, 0, 1, 0, 0, 0, 0, 0, 0, 0, 0, 0, 1
"d:\CodeArea\Other\NewsApp\news\uview-ui\libs\util\async-validator.js", "JavaScript", 0, 0, 916, 0, 0, 0, 0, 0, 0, 0, 209, 232, 1357
"d:\CodeArea\Other\NewsApp\news\uview-ui\libs\util\city.js", "JavaScript", 0, 0, 1, 0, 0, 0, 0, 0, 0, 0, 0, 0, 1
"d:\CodeArea\Other\NewsApp\news\uview-ui\libs\util\emitter.js", "JavaScript", 0, 0, 29, 0, 0, 0, 0, 0, 0, 0, 22, 1, 52
"d:\CodeArea\Other\NewsApp\news\uview-ui\libs\util\province.js", "JavaScript", 0, 0, 1, 0, 0, 0, 0, 0, 0, 0, 0, 0, 1
"d:\CodeArea\Other\NewsApp\news\uview-ui\package.json", "JSON", 0, 39, 0, 0, 0, 0, 0, 0, 0, 0, 0, 1, 40
"d:\CodeArea\Other\NewsApp\news\uview-ui\theme.scss", "SCSS", 0, 0, 0, 0, 28, 0, 0, 0, 0, 0, 3, 8, 39
"d:\CodeArea\Other\NewsApp\news\vue.config.js", "JavaScript", 0, 0, 7, 0, 0, 0, 0, 0, 0, 0, 1, 1, 9
"Total", "-", 42901, 2241, 20329, 1795, 1732, 24, 19, 1337, 996, 89, 14669, 5960, 92092